time,gaze_x,gaze_y,key,mouse_dx,mouse_dy,mouse_key
2019-11-05 14:42:41.684655052,,,{'W'},4.0,0.0,{}
2019-11-05 14:42:41.691797909,964.066516614124,540.0535816590091,"{'W','W'}",5.5,0.0,{}
2019-11-05 14:42:41.698940766,964.878689167869,539.836784620974,"{'W','W'}",9.0,-0.5,{}
2019-11-05 14:42:41.706083623,,,"{'W','W'}",15.5,-0.5,{}
2019-11-05 14:42:41.713226480,964.823834324593,540.061904196966,"{'W','W'}",15.0,0.0,{}
2019-11-05 14:42:41.720369337,,,"{'W','W'}",18.5,0.0,{}
2019-11-05 14:42:41.727512194,964.614278860435,540.17537101583,{'W'},22.0,0.0,{}
2019-11-05 14:42:41.734655051,963.870055227478,541.04972120688,"{'W','W'}",24.0,0.0,{}
2019-11-05 14:42:41.741797908,,,"{'W','W'}",27.0,-1.0,{}
2019-11-05 14:42:41.748940765,958.3587902489301,544.71673008988,"{'W','W'}",43.0,-1.5,{}
2019-11-05 14:42:41.756083622,955.020746886929,547.14956812457,"{'W','W'}",30.0,-1.5,{}
2019-11-05 14:42:41.763226479,,,{'W'},31.0,-1.0,{}
2019-11-05 14:42:41.770369336,951.778961805148,548.545357094644,"{'A','W','A','W'}",30.5,-2.0,{}
2019-11-05 14:42:41.777512193,950.3294265270371,550.92458301843,"{'A','W','A','W'}",15.0,0.0,{}
2019-11-05 14:42:41.784655050,,,"{'A','W','A','W'}",30.5,-2.5,{}
2019-11-05 14:42:41.791797907,949.39126493187,551.3647657665721,"{'A','W'}",29.0,-2.5,{}
2019-11-05 14:42:41.798940764,946.8146748736801,552.1948557048901,"{'A','W','A','W'}",24.0,-2.5,{}
2019-11-05 14:42:41.806083621,,,"{'A','W','A','W'}",10.0,-1.0,{}
2019-11-05 14:42:41.813226478,942.5357617889771,553.542845104074,"{'A','W','A','W'}",25.0,-2.0,{}
2019-11-05 14:42:41.820369335,,,"{'A','W','A','W'}",23.0,-3.5,{}
2019-11-05 14:42:41.827512192,931.5560346965809,559.123018915299,"{'A','W'}",37.5,-5.0,{}
2019-11-05 14:42:41.834655049,924.563227436452,561.99480613484,"{'A','W','A','W'}",19.0,-3.0,{}
2019-11-05 14:42:41.841797906,,,"{'A','W','A','W'}",16.5,-3.0,{}
2019-11-05 14:42:41.848940763,926.986227062456,561.540210372796,"{'A','W'}",12.5,-2.0,{}
2019-11-05 14:42:41.856083620,930.264098404102,561.522423010651,"{'A','W','A','W'}",12.5,-2.0,{}
2019-11-05 14:42:41.863226477,,,"{'A','W'}",-2.0,0.5,{}
2019-11-05 14:42:41.870369334,925.982194278421,563.5774782327901,"{'A','W','A','W'}",9.0,-2.0,{}
2019-11-05 14:42:41.877512191,931.0769494834801,562.576857216037,"{'A','W','A','W'}",7.5,-1.5,{}
2019-11-05 14:42:41.884655048,,,"{'A','W'}",5.5,-1.0,{}
2019-11-05 14:42:41.891797905,933.913873259122,561.867179586592,"{'A','W','A','W'}",3.5,-1.0,{}
2019-11-05 14:42:41.898940762,941.214546294349,560.703985351691,"{'A','W','A','W'}",2.0,-1.0,{}
2019-11-05 14:42:41.906083619,,,"{'A','W','A','W'}",1.0,0.0,{}
2019-11-05 14:42:41.913226476,947.406248649738,560.475794454879,"{'A','W','A','W'}",0.5,0.0,{}
2019-11-05 14:42:41.920369333,,,"{'A','W'}",0.0,0.0,{}
2019-11-05 14:42:41.927512190,955.2771604148489,560.664989049895,"{'A','W','A','W'}",0.0,0.0,{}
2019-11-05 14:42:41.934655047,951.4869268503211,564.101714442097,"{'A','W','A','W'}",0.0,0.0,{}
2019-11-05 14:42:41.941797904,,,"{'A','W','A','W'}",0.0,0.0,{}
2019-11-05 14:42:41.948940761,946.059555184328,563.2593513275181,"{'A','W','A','W'}",0.0,0.0,{}
2019-11-05 14:42:41.956083618,944.906877080398,563.4210906059781,"{'A','W','A','W'}",0.0,0.0,{}
2019-11-05 14:42:41.963226475,,,"{'A','W'}",0.0,0.0,{}
2019-11-05 14:42:41.970369332,944.743873895078,562.853476703414,"{'A','W','A','W'}",0.0,0.0,{}
2019-11-05 14:42:41.977512189,939.5771002160241,564.937469141548,"{'A','W','A','W'}",0.0,0.0,{}
2019-11-05 14:42:41.984655046,,,"{'A','W'}",1.5,-0.5,{}
2019-11-05 14:42:41.991797903,937.566936114962,566.4856595654039,"{'A','W','A','W'}",1.5,0.0,{}
2019-11-05 14:42:41.998940760,931.200041666278,569.286259426998,"{'A','W','A','W'}",1.5,0.0,{}
2019-11-05 14:42:42.006083617,,,"{'A','W','A','W'}",3.0,-0.5,{}
2019-11-05 14:42:42.013226474,929.9938379567751,569.650482713344,"{'A','W'}",3.0,0.0,{}
2019-11-05 14:42:42.020369331,929.257098987823,569.19353114242,"{'A','W','A','W'}",3.0,0.0,{}
2019-11-05 14:42:42.027512188,,,"{'A','W','A','W'}",3.5,0.0,{}
2019-11-05 14:42:42.034655045,929.8106072499891,569.470882964984,"{'A','W'}",4.0,-1.0,{}
2019-11-05 14:42:42.041797902,,,"{'A','W','A','W'}",2.5,0.0,{}
2019-11-05 14:42:42.048940759,930.35382888487,572.223363318245,"{'A','W','A','W'}",2.5,-0.5,{}
2019-11-05 14:42:42.056083616,931.282385156284,572.2905273930639,"{'A','W','A','W'}",2.5,-0.5,{}
2019-11-05 14:42:42.063226473,,,"{'A','W'}",3.0,0.0,{}
2019-11-05 14:42:42.070369330,932.1744602334061,573.233000663539,"{'A','W','A','W'}",2.0,-0.5,{}
2019-11-05 14:42:42.077512187,942.370357529908,570.895903537581,"{'A','W','A'}",3.0,0.0,{}
2019-11-05 14:42:42.084655044,,,{'A'},1.5,0.0,{}
2019-11-05 14:42:42.091797901,942.9162810377401,571.557399291655,"{'A','A'}",3.0,-1.0,{}
2019-11-05 14:42:42.098940758,945.2448398990581,572.495851995079,"{'A','A'}",1.5,0.0,{}
2019-11-05 14:42:42.106083615,,,"{'A','A'}",0.0,0.0,{}
2019-11-05 14:42:42.113226472,943.031500749138,574.714229717891,{'A'},0.5,0.0,{}
2019-11-05 14:42:42.120369329,941.8063146895171,575.535872473486,"{'A','A'}",0.0,0.0,{}
2019-11-05 14:42:42.127512186,,,{'A'},0.0,0.0,{}
2019-11-05 14:42:42.134655043,939.2918678385699,577.093922916992,"{'A','A'}",0.0,0.0,{}
2019-11-05 14:42:42.141797900,,,"{'A','A'}",0.0,0.0,{}
2019-11-05 14:42:42.148940757,940.944311603121,577.038081163319,"{'A','A'}",0.0,0.0,{}
2019-11-05 14:42:42.156083614,941.0824956369929,577.171467596477,"{'A','A'}",0.0,0.0,{}
2019-11-05 14:42:42.163226471,,,{'A'},0.0,0.0,{}
2019-11-05 14:42:42.170369328,941.2279670135381,576.9994623371269,"{'A','A'}",0.0,0.0,{}
2019-11-05 14:42:42.177512185,940.510648434667,577.443016137139,"{'A','A'}",0.0,0.0,{}
2019-11-05 14:42:42.184655042,,,"{'A','A'}",0.0,0.0,{}
2019-11-05 14:42:42.191797899,940.3786910079821,577.197917334095,{'A'},0.0,0.0,{}
2019-11-05 14:42:42.198940756,940.025907671292,576.840352712816,"{'A','A'}",0.0,0.0,{}
2019-11-05 14:42:42.206083613,,,"{'A','A'}",0.0,0.0,{}
2019-11-05 14:42:42.213226470,940.4873870698531,576.037022807187,"{'A','A'}",0.0,0.0,{}
2019-11-05 14:42:42.220369327,941.011746050704,573.643504170273,{'A'},0.0,0.0,{}
2019-11-05 14:42:42.227512184,,,"{'A','A'}",0.0,0.0,{}
2019-11-05 14:42:42.234655041,939.1522789498069,570.229777244099,"{'A','A'}",0.0,0.0,{}
2019-11-05 14:42:42.241797898,,,{'A'},0.0,0.0,{}
2019-11-05 14:42:42.248940755,947.3324944951171,602.295914946044,"{'A','A'}",0.0,0.0,{}
2019-11-05 14:42:42.256083612,954.2398872149049,638.636600818936,"{'A','A'}",0.0,0.0,{}
2019-11-05 14:42:42.263226469,,,"{'A','A'}",0.0,0.0,{}
2019-11-05 14:42:42.270369326,,,"{'A','A'}",0.0,0.0,{}
2019-11-05 14:42:42.277512183,,,{'A'},0.0,0.0,{}
2019-11-05 14:42:42.284655040,,,"{'A','A'}",0.0,0.0,{}
2019-11-05 14:42:42.291797897,,,"{'A','A'}",0.0,0.0,{}
2019-11-05 14:42:42.298940754,,,{'A'},0.0,0.0,{}
2019-11-05 14:42:42.306083611,,,{},0.0,0.0,{}
2019-11-05 14:42:42.313226468,,,{},0.0,0.0,{}
2019-11-05 14:42:42.320369325,,,{},0.0,0.0,{}
2019-11-05 14:42:42.327512182,,,{},0.0,0.0,{}
2019-11-05 14:42:42.334655039,959.709921011467,660.297310906753,{},0.0,0.0,{}
2019-11-05 14:42:42.341797896,,,{},0.0,0.0,{}
2019-11-05 14:42:42.348940753,1550.9333371649698,245.472157142986,{},0.0,0.0,{}
2019-11-05 14:42:42.356083610,1629.49017211095,189.827215918121,{},0.0,0.0,{}
2019-11-05 14:42:42.363226467,,,{},0.0,0.0,{}
2019-11-05 14:42:42.370369324,1634.59612947301,188.598012704602,{},0.0,0.0,{}
2019-11-05 14:42:42.377512181,1646.5942538507002,177.22284560804798,{},0.0,0.0,{}
2019-11-05 14:42:42.384655038,,,{},0.0,0.0,{}
2019-11-05 14:42:42.391797895,1636.74931352526,178.778401412406,{},0.0,0.0,{}
2019-11-05 14:42:42.398940752,1616.20878928861,149.757385924769,{},0.0,0.0,{}
2019-11-05 14:42:42.406083609,,,{},0.0,0.0,{}
2019-11-05 14:42:42.413226466,1616.3524511217001,151.37869418302,{},0.0,0.0,{}
2019-11-05 14:42:42.420369323,1617.5881264447598,155.912287046439,{},0.0,0.0,{}
2019-11-05 14:42:42.427512180,,,{},0.0,0.0,{}
2019-11-05 14:42:42.434655037,1616.81043125385,158.762527997228,{},0.0,0.0,{}
2019-11-05 14:42:42.441797894,,,{},0.0,0.0,{}
2019-11-05 14:42:42.448940751,1612.2446258302803,147.673370179303,{},0.0,0.0,{}
2019-11-05 14:42:42.456083608,1611.97240679483,146.683263012838,{},0.0,0.0,{}
2019-11-05 14:42:42.463226465,,,{},0.0,0.0,{}
2019-11-05 14:42:42.470369322,1611.6952545088,146.11158727797,{},0.0,-0.5,{}
2019-11-05 14:42:42.477512179,1611.4936041766,146.046019058883,{},0.0,0.0,{}
2019-11-05 14:42:42.484655036,,,{},0.5,0.0,{}
2019-11-05 14:42:42.491797893,1612.5777322456102,145.910489861587,{},0.0,0.0,{}
2019-11-05 14:42:42.498940750,1619.968872547,145.747667791921,{},0.0,0.0,{}
2019-11-05 14:42:42.506083607,,,{},0.0,0.0,{}
2019-11-05 14:42:42.513226464,1669.4758521222302,149.79308203558998,{},0.0,0.0,{}
2019-11-05 14:42:42.520369321,1670.60703139785,149.889388993964,{},0.0,0.0,{}
2019-11-05 14:42:42.527512178,,,{},0.0,0.0,{}
2019-11-05 14:42:42.534655035,1659.94639847054,150.367865930297,{},0.0,0.0,{}
2019-11-05 14:42:42.541797892,,,{},0.0,0.0,{}
2019-11-05 14:42:42.548940749,1660.9549719170002,159.174200636501,{},0.0,0.0,{}
2019-11-05 14:42:42.556083606,1638.5859309083999,161.725585582121,{},0.0,0.0,{}
2019-11-05 14:42:42.563226463,,,{},0.0,0.0,{}
2019-11-05 14:42:42.570369320,1462.2758593559,192.87853939105202,{},0.0,0.0,{}
2019-11-05 14:42:42.577512177,1233.58672831021,303.09173902921697,{},0.0,0.0,{}
2019-11-05 14:42:42.584655034,,,{},0.0,0.0,{}
2019-11-05 14:42:42.591797891,1157.6949244861698,341.592388466911,{},0.5,0.0,{}
2019-11-05 14:42:42.598940748,1159.4612001693401,342.092315117629,{},0.0,0.0,{}
2019-11-05 14:42:42.606083605,,,{},0.0,0.0,{}
2019-11-05 14:42:42.613226462,1110.88670943965,365.346915023601,{},0.0,0.0,{}
2019-11-05 14:42:42.620369319,1072.18895153749,383.88348302183897,{},0.0,0.0,{}
2019-11-05 14:42:42.627512176,,,{},0.0,0.0,{}
2019-11-05 14:42:42.634655033,1040.66065838414,397.960085910705,{},0.0,0.0,{}
2019-11-05 14:42:42.641797890,,,{},0.0,0.0,{}
2019-11-05 14:42:42.648940747,983.553669894858,424.74234070463996,{},0.0,0.0,{}
2019-11-05 14:42:42.656083604,848.912145592669,492.684344800131,{},0.0,0.0,{}
2019-11-05 14:42:42.663226461,,,{},0.0,0.0,{}
2019-11-05 14:42:42.670369318,755.1802357795531,542.6678134756311,{},0.0,0.0,{}
2019-11-05 14:42:42.677512175,723.515288902503,560.969286581666,{},0.0,0.0,{}
2019-11-05 14:42:42.684655032,,,{},0.0,0.0,{}
2019-11-05 14:42:42.691797889,715.507294400573,565.8046430418341,{},0.0,0.0,{}
2019-11-05 14:42:42.698940746,720.130241130087,564.7781370824611,{},0.0,0.0,{}
2019-11-05 14:42:42.706083603,,,{},0.0,0.0,{}
2019-11-05 14:42:42.713226460,719.621088036805,563.374432367665,{},0.0,0.0,{}
2019-11-05 14:42:42.720369317,720.016967192028,561.683996598796,{},0.0,0.0,{}
2019-11-05 14:42:42.727512174,,,{},0.0,0.0,{}
2019-11-05 14:42:42.734655031,720.783560485129,560.635022970821,{},0.0,0.0,{}
2019-11-05 14:42:42.741797888,,,{},0.0,0.0,{}
2019-11-05 14:42:42.748940745,720.164493454051,548.262514836921,{},0.0,0.0,{}
2019-11-05 14:42:42.756083602,720.6993833285679,546.3185563670211,{},0.0,0.0,{}
2019-11-05 14:42:42.763226459,,,{},0.0,0.0,{}
2019-11-05 14:42:42.770369316,720.1343542972861,545.930963970824,{},0.0,0.0,{}
2019-11-05 14:42:42.777512173,719.693958321477,544.5755350963,{},0.0,0.0,{}
2019-11-05 14:42:42.784655030,,,{},0.0,0.0,{}
2019-11-05 14:42:42.791797887,717.640418856579,543.880507150222,{},0.0,0.0,{}
2019-11-05 14:42:42.798940744,717.288771477182,542.871688593875,{},0.0,0.0,{}
2019-11-05 14:42:42.806083601,,,{},0.0,0.0,{}
2019-11-05 14:42:42.813226458,717.908245809514,547.226959532979,{},0.0,0.0,{}
2019-11-05 14:42:42.820369315,719.3003614071091,546.725355027246,{},0.0,0.0,{}
2019-11-05 14:42:42.827512172,,,{},0.0,0.0,{}
2019-11-05 14:42:42.834655029,721.6165893723711,545.1758848802469,{},0.0,0.0,{}
2019-11-05 14:42:42.841797886,,,{},0.0,0.0,{}
2019-11-05 14:42:42.848940743,723.192577606851,542.832662354719,{},0.0,0.0,{}
2019-11-05 14:42:42.856083600,723.3514804030341,540.6126479064769,{},0.0,0.0,{}
2019-11-05 14:42:42.863226457,,,{},0.0,0.0,{}
2019-11-05 14:42:42.870369314,723.9787712709771,538.646582988779,{},0.0,0.0,{}
2019-11-05 14:42:42.877512171,723.1447339901449,541.272383138001,{},0.0,0.0,{}
2019-11-05 14:42:42.884655028,,,{},0.0,0.0,{}
2019-11-05 14:42:42.891797885,724.10189053825,542.236978154864,{'SPACE'},0.0,0.0,{}
2019-11-05 14:42:42.898940742,724.299162347498,542.901584812033,"{'SPACE','SPACE'}",0.0,0.0,{}
2019-11-05 14:42:42.906083599,,,"{'SPACE','SPACE'}",0.0,0.0,{}
2019-11-05 14:42:42.913226456,727.351093868044,540.5739616568329,{'SPACE'},-0.5,0.5,{}
2019-11-05 14:42:42.920369313,728.1533981864039,539.577176276313,"{'SPACE','SPACE'}",-0.5,1.5,{}
2019-11-05 14:42:42.927512170,,,"{'SPACE','SPACE'}",-1.0,2.0,{}
2019-11-05 14:42:42.934655027,731.04696377026,538.527968200495,{'SPACE'},-0.5,1.0,{}
2019-11-05 14:42:42.941797884,,,"{'SPACE','SPACE'}",0.0,0.5,{}
2019-11-05 14:42:42.948940741,732.508335229528,538.141221191741,"{'SPACE','SPACE'}",0.0,0.0,{}
2019-11-05 14:42:42.956083598,733.843129151293,538.094668499646,"{'SPACE','SPACE'}",0.0,0.0,{}
2019-11-05 14:42:42.963226455,734.3024119927201,538.259411626605,{'SPACE'},0.0,0.0,{}
2019-11-05 14:42:42.970369312,,,"{'SPACE','SPACE'}",0.0,0.0,{}
2019-11-05 14:42:42.977512169,735.479729703185,535.995555261517,"{'SPACE','SPACE'}",0.0,0.0,{}
2019-11-05 14:42:42.984655026,,,"{'SPACE','SPACE'}",0.0,0.0,{}
2019-11-05 14:42:42.991797883,737.873375998898,531.917714211588,{'SPACE'},0.0,0.0,{}
2019-11-05 14:42:42.998940740,739.1874403938789,528.361633093186,"{'SPACE','SPACE'}",0.0,0.0,{}
2019-11-05 14:42:43.006083597,,,{},0.0,0.0,{}
2019-11-05 14:42:43.013226454,739.143972506476,527.89663177946,{},0.0,0.0,{}
2019-11-05 14:42:43.020369311,739.2644582184159,523.9191754307241,{},0.0,0.0,{}
2019-11-05 14:42:43.027512168,,,{},0.0,0.0,{}
2019-11-05 14:42:43.034655025,739.2192654121271,524.155144328914,{},0.0,0.0,{}
2019-11-05 14:42:43.041797882,,,{},0.0,0.0,{}
2019-11-05 14:42:43.048940739,738.535626513156,519.9046135974991,{},0.0,0.0,{}
2019-11-05 14:42:43.056083596,763.6108096684129,540.043775891549,{},0.0,0.0,{}
2019-11-05 14:42:43.063226453,,,{},0.0,0.0,{}
2019-11-05 14:42:43.070369310,760.043879666449,537.834452941268,{},0.0,0.0,{}
2019-11-05 14:42:43.077512167,792.460756059604,557.8093731267891,{},0.0,0.0,{}
2019-11-05 14:42:43.084655024,,,{},0.0,0.0,{}
2019-11-05 14:42:43.091797881,798.621495587459,561.9961689726371,{},0.0,0.0,{}
2019-11-05 14:42:43.098940738,803.5831966013071,565.4722372993959,{},0.0,0.0,{}
2019-11-05 14:42:43.106083595,,,{},0.0,0.0,{}
2019-11-05 14:42:43.113226452,812.351678773112,571.1898720653679,{},0.0,0.0,{}
2019-11-05 14:42:43.120369309,815.619127439532,573.015463698923,{},0.0,0.0,{}
2019-11-05 14:42:43.127512166,,,{},0.0,0.0,{}
2019-11-05 14:42:43.134655023,837.127634147115,585.836912825475,{},0.0,0.0,{}
2019-11-05 14:42:43.141797880,,,{},0.0,0.0,{}
2019-11-05 14:42:43.148940737,843.650705784284,589.704283092483,{},0.0,0.0,{}
2019-11-05 14:42:43.156083594,848.4654242458321,592.350982655776,{},0.0,0.0,{}
2019-11-05 14:42:43.163226451,843.8702134948829,590.770527320782,{},0.0,0.0,{}
2019-11-05 14:42:43.170369308,,,{},0.0,0.0,{}
2019-11-05 14:42:43.177512165,843.34179467332,589.195873807652,{},0.0,0.0,{}
2019-11-05 14:42:43.184655022,,,{},0.0,0.0,{}
2019-11-05 14:42:43.191797879,843.335606167654,588.640292049629,{},0.0,0.0,{}
2019-11-05 14:42:43.198940736,840.246377068154,590.146596047174,{},0.0,0.0,{}
2019-11-05 14:42:43.206083593,,,{},0.0,0.0,{}
2019-11-05 14:42:43.213226450,840.9040113579041,589.911580814745,"{'W','W'}",0.0,0.0,{}
2019-11-05 14:42:43.220369307,838.613744534172,592.10891049374,"{'W','W'}",0.0,0.0,{}
2019-11-05 14:42:43.227512164,,,{'W'},0.0,0.0,{}
2019-11-05 14:42:43.234655021,848.381128313199,591.963903708043,"{'W','W'}",0.0,0.0,{}
2019-11-05 14:42:43.241797878,,,"{'W','W'}",0.0,0.0,{}
2019-11-05 14:42:43.248940735,859.417332294139,586.5757083034121,"{'W','W'}",0.0,0.0,{}
2019-11-05 14:42:43.256083592,866.963228444847,583.153978267902,{'W'},0.0,0.0,{}
2019-11-05 14:42:43.263226449,885.142173238579,573.7742180538891,"{'W','W'}",0.0,0.0,{}
2019-11-05 14:42:43.270369306,,,{'W'},0.0,0.0,{}
2019-11-05 14:42:43.277512163,891.080969653181,570.9429531279251,"{'W','W'}",0.0,0.0,{}
2019-11-05 14:42:43.284655020,,,"{'W','W'}",0.0,0.0,{}
2019-11-05 14:42:43.291797877,905.4099653108279,564.298700088796,{'W'},0.0,0.0,{}
2019-11-05 14:42:43.298940734,912.368044872941,562.300007132887,"{'W','W'}",0.0,-1.0,{}
2019-11-05 14:42:43.306083591,,,"{'W','W'}",0.0,-1.5,{}
2019-11-05 14:42:43.313226448,914.899904189737,561.273735500879,"{'W','W'}",0.0,-2.0,{}
2019-11-05 14:42:43.320369305,933.3949384135381,552.291601156315,{'W'},-0.5,-1.0,{}
2019-11-05 14:42:43.327512162,,,"{'W','W'}",-3.0,0.0,{}
2019-11-05 14:42:43.334655019,931.3141532252341,553.116007663539,{'W'},-1.5,0.5,{}
2019-11-05 14:42:43.341797876,,,"{'W','W'}",-3.0,1.0,{}
2019-11-05 14:42:43.348940733,933.61800783438,547.851742027723,"{'W','W'}",-2.5,1.5,{}
2019-11-05 14:42:43.356083590,932.796193532931,547.672670664597,"{'W','W'}",-2.5,1.5,{}
2019-11-05 14:42:43.363226447,933.384249161452,546.973693111443,{'W'},-4.0,2.0,{}
2019-11-05 14:42:43.370369304,,,"{'W','W'}",-7.0,3.5,{}
2019-11-05 14:42:43.377512161,934.284193718441,547.286165318237,"{'W','W'}",-2.0,1.0,{}
2019-11-05 14:42:43.384655018,,,{'W'},-5.0,2.5,{}
2019-11-05 14:42:43.391797875,934.724598503875,547.178308829805,{'W'},-4.0,2.0,{}
2019-11-05 14:42:43.398940732,937.2918818306371,546.10446291711,"{'W','W'}",-6.0,2.5,{}
2019-11-05 14:42:43.406083589,,,"{'W','W'}",-4.5,2.0,{}
2019-11-05 14:42:43.413226446,937.451957834753,545.911857072019,{'W'},-4.0,1.0,{}
2019-11-05 14:42:43.420369303,939.714347397462,544.595259350996,"{'W','W'}",-3.5,2.0,{}
2019-11-05 14:42:43.427512160,,,"{'W','W'}",-4.5,2.0,{}
2019-11-05 14:42:43.434655017,940.076160061901,543.866095691886,"{'W','W'}",-3.0,1.0,{}
2019-11-05 14:42:43.441797874,,,{'W'},-4.0,2.0,{}
2019-11-05 14:42:43.448940731,939.925928256217,544.286464093831,"{'W','W'}",-2.5,1.5,{}
2019-11-05 14:42:43.456083588,939.629801071624,545.882590918931,"{'W','W'}",-2.5,1.0,{}
2019-11-05 14:42:43.463226445,939.3908609961039,546.6102888382891,{'W'},-2.0,1.0,{}
2019-11-05 14:42:43.470369302,,,"{'W','W'}",-1.5,0.5,{}
2019-11-05 14:42:43.477512159,940.9216658753909,545.7034126405471,{'W'},-2.5,0.5,{}
2019-11-05 14:42:43.484655016,,,"{'W','W'}",-2.0,1.0,{}
2019-11-05 14:42:43.491797873,940.733140904773,546.439985137896,"{'W','W'}",-3.0,0.5,{}
2019-11-05 14:42:43.498940730,943.739274555824,545.786674021526,"{'W','W'}",-6.0,0.5,{}
2019-11-05 14:42:43.506083587,,,"{'W','W'}",-4.0,0.5,{}
2019-11-05 14:42:43.513226444,946.876684383854,544.317524970933,"{'W','W'}",-4.0,0.0,{}
2019-11-05 14:42:43.520369301,949.127331028736,543.807766043126,{'W'},-4.0,0.0,{}
2019-11-05 14:42:43.527512158,,,"{'W','W'}",-8.0,1.0,{}
2019-11-05 14:42:43.534655015,951.340507475012,543.3350902629239,{'W'},-5.0,0.0,{}
2019-11-05 14:42:43.541797872,,,"{'W','W'}",-7.5,1.0,{}
2019-11-05 14:42:43.548940729,966.0667213865199,540.173342206877,"{'D','W','D','W'}",-5.5,0.5,{}
2019-11-05 14:42:43.556083586,967.320247389173,539.813315630631,"{'D','W'}",-6.0,1.0,{}
2019-11-05 14:42:43.563226443,971.811501076655,540.133451941909,"{'D','W','D','W'}",-5.5,0.0,{}
2019-11-05 14:42:43.570369300,,,"{'D','W','D','W'}",-6.0,1.0,{}
2019-11-05 14:42:43.577512157,974.7483632312,541.619828452017,"{'D','W'}",-3.5,0.0,{}
2019-11-05 14:42:43.584655014,,,"{'D','W','D','W'}",-5.5,0.0,{}
2019-11-05 14:42:43.591797871,976.25048385455,541.379025107305,"{'D','W','D','W'}",-7.0,0.0,{}
2019-11-05 14:42:43.598940728,968.044080435423,541.439037031717,"{'D','W'}",-8.5,0.0,{}
2019-11-05 14:42:43.606083585,,,"{'D','W','D','W'}",-2.5,0.0,{}
2019-11-05 14:42:43.613226442,908.212396601528,543.858577797278,"{'D','W','D','W'}",-8.5,0.0,{}
2019-11-05 14:42:43.620369299,882.24192536487,545.636274195977,"{'D','W'}",-10.0,0.0,{}
2019-11-05 14:42:43.627512156,,,"{'D','W','D','W'}",-13.0,0.0,{}
2019-11-05 14:42:43.634655013,867.757873756431,546.807895206903,"{'D','W'}",-8.0,0.0,{}
2019-11-05 14:42:43.641797870,,,"{'D','D'}",-12.0,0.0,{}
2019-11-05 14:42:43.648940727,845.751118790229,549.947095758474,"{'D','D'}",-7.0,0.0,{}
2019-11-05 14:42:43.656083584,833.022228881298,550.8953761673021,"{'D','D'}",-7.0,0.0,{}
2019-11-05 14:42:43.663226441,821.457659987452,552.1492535450029,{'D'},-10.5,-0.5,{}
2019-11-05 14:42:43.670369298,,,"{'D','D'}",-6.5,0.0,{}
2019-11-05 14:42:43.677512155,820.8528574334731,552.273577861641,"{'D','D'}",-4.0,-1.0,{}
2019-11-05 14:42:43.684655012,,,{'D'},-1.0,1.0,{}
2019-11-05 14:42:43.691797869,816.4825371106281,553.696385698814,"{'D','D'}",-7.5,-1.0,{}
2019-11-05 14:42:43.698940726,825.4012929538229,554.86137251569,{'D'},-7.0,0.0,{}
2019-11-05 14:42:43.706083583,,,"{'D','D'}",-4.0,0.0,{}
2019-11-05 14:42:43.713226440,818.661367939372,556.281164941631,{'D'},-6.5,0.0,{}
2019-11-05 14:42:43.720369297,833.27830049068,556.163122754009,"{'D','D'}",-4.5,0.0,{}
2019-11-05 14:42:43.727512154,,,"{'D','D'}",-4.0,0.0,{}
2019-11-05 14:42:43.734655011,837.071016121844,554.910969099065,{'D'},-4.0,0.0,{}
2019-11-05 14:42:43.741797868,,,"{'D','D'}",-5.0,0.0,{}
2019-11-05 14:42:43.748940725,854.0084274754249,553.297894031415,"{'D','D'}",-2.5,0.0,{}
2019-11-05 14:42:43.756083582,875.0352281625459,548.620796099212,{'D'},-1.5,0.5,{}
2019-11-05 14:42:43.763226439,893.881963563083,543.013931993439,"{'D','D'}",-1.0,0.0,{}
2019-11-05 14:42:43.770369296,,,"{'D','D'}",-1.0,0.0,{}
2019-11-05 14:42:43.777512153,901.9329874351871,541.364344028634,{'D'},0.0,0.0,{}
2019-11-05 14:42:43.784655010,,,"{'D','D'}",0.0,0.0,{}
2019-11-05 14:42:43.791797867,903.104176156133,541.320125533896,"{'D','D'}",0.0,0.0,{}
2019-11-05 14:42:43.798940724,903.0128270822439,542.545967750601,{'D'},0.0,0.0,{}
2019-11-05 14:42:43.806083581,,,"{'D','D'}",0.0,0.0,{}
2019-11-05 14:42:43.813226438,905.0805644698711,542.2933452356659,"{'D','D'}",0.0,0.0,{}
2019-11-05 14:42:43.820369295,910.5524721939121,542.273111562904,{'D'},0.0,0.0,{}
2019-11-05 14:42:43.827512152,,,{'D'},0.0,0.0,{}
2019-11-05 14:42:43.834655009,915.1473633811099,543.9275138197361,"{'D','A','D'}",0.0,0.0,{}
2019-11-05 14:42:43.841797866,,,"{'A','A'}",0.0,0.0,{}
2019-11-05 14:42:43.848940723,923.12391650187,542.832542493666,"{'A','A'}",0.0,0.0,{}
2019-11-05 14:42:43.856083580,924.88983682505,542.898374995587,{'A'},0.0,0.0,{}
2019-11-05 14:42:43.863226437,924.0234248983801,542.873118485071,"{'A','A'}",0.0,0.0,{}
2019-11-05 14:42:43.870369294,,,"{'A','A'}",0.0,0.0,{}
2019-11-05 14:42:43.877512151,927.3344389891761,544.050431498216,"{'A','A'}",0.0,0.0,{}
2019-11-05 14:42:43.884655008,,,{'A'},0.0,0.0,{}
2019-11-05 14:42:43.891797865,929.813759261275,544.087739614952,"{'A','A'}",0.0,0.0,{}
2019-11-05 14:42:43.898940722,930.474100596628,543.396594682247,"{'A','A'}",0.0,0.5,{}
2019-11-05 14:42:43.906083579,,,{'A'},1.0,0.0,{}
2019-11-05 14:42:43.913226436,961.6736749689329,540.000411462687,"{'A','A'}",0.0,0.0,{}
2019-11-05 14:42:43.920369293,964.198078490836,540.0695306340099,{'A'},0.0,0.0,{}
2019-11-05 14:42:43.927512150,,,"{'A','A'}",0.0,0.0,{}
2019-11-05 14:42:43.934655007,964.8389763012669,540.3809442065619,"{'A','A'}",0.0,0.0,{}
2019-11-05 14:42:43.941797864,,,{'A'},0.0,0.0,{}
2019-11-05 14:42:43.948940721,967.787675679449,543.897098747687,"{'A','A'}",0.0,0.0,{}
2019-11-05 14:42:43.956083578,968.213560308739,544.679914492828,"{'A','A'}",0.0,0.0,{}
2019-11-05 14:42:43.963226435,968.8616357898261,545.546709420368,{'A'},0.0,0.0,{}
2019-11-05 14:42:43.970369292,,,"{'A','A'}",0.0,0.0,{}
2019-11-05 14:42:43.977512149,969.1647381632739,545.760876882548,"{'A','A'}",1.0,0.5,{}
2019-11-05 14:42:43.984655006,,,"{'A','A'}",1.0,0.0,{}
2019-11-05 14:42:43.991797863,967.3617451459791,548.478637791697,{'A'},1.0,0.0,{}
2019-11-05 14:42:43.998940720,968.955108295347,545.576417990908,"{'A','A'}",1.0,0.0,{}
2019-11-05 14:42:44.006083577,,,"{'A','A'}",2.0,0.0,{}
2019-11-05 14:42:44.013226434,968.573325917317,548.598898862045,"{'A','A'}",0.0,0.0,{}
2019-11-05 14:42:44.020369291,968.311934143544,549.611768166347,{'A'},1.0,-0.5,{}
2019-11-05 14:42:44.027512148,,,{},1.0,0.0,{}
2019-11-05 14:42:44.034655005,968.957920213219,548.766382499039,"{'D','D'}",0.5,-0.5,{}
2019-11-05 14:42:44.041797862,969.226840239496,548.4891989564151,{'D'},0.5,0.0,{}
2019-11-05 14:42:44.048940719,,,"{'D','D'}",0.0,0.0,{}
2019-11-05 14:42:44.056083576,969.1751558642881,547.7580940041561,"{'D','D'}",0.5,0.0,{}
2019-11-05 14:42:44.063226433,967.613736091397,547.473900893647,{'D'},0.0,0.0,{}
2019-11-05 14:42:44.070369290,,,"{'D','D'}",0.0,0.0,"{'LEFT','LEFT'}"
2019-11-05 14:42:44.077512147,967.777514636884,547.635425011617,"{'D','D'}",0.5,0.0,{'LEFT'}
2019-11-05 14:42:44.084655004,,,{'D'},0.0,0.0,"{'LEFT','LEFT'}"
2019-11-05 14:42:44.091797861,967.681759841457,547.8575113779631,"{'D','D'}",0.0,0.0,"{'LEFT','LEFT'}"
2019-11-05 14:42:44.098940718,966.486686451691,550.004738644902,"{'D','D'}",0.5,0.0,"{'LEFT','LEFT'}"
2019-11-05 14:42:44.106083575,,,{'D'},0.5,0.5,"{'LEFT','LEFT'}"
2019-11-05 14:42:44.113226432,965.223592289183,555.724938561655,"{'D','D'}",0.5,0.0,{'LEFT'}
2019-11-05 14:42:44.120369289,965.968706162487,555.541221574308,"{'D','D'}",0.0,1.0,"{'LEFT','LEFT'}"
2019-11-05 14:42:44.127512146,,,"{'D','D'}",0.5,0.5,"{'LEFT','LEFT'}"
2019-11-05 14:42:44.134655003,965.970103758107,558.345737326764,"{'D','D'}",0.0,1.0,{'LEFT'}
2019-11-05 14:42:44.141797860,,,"{'A','D'}",0.5,1.0,"{'LEFT','LEFT'}"
2019-11-05 14:42:44.148940717,966.733984076418,558.1889563103309,"{'A','D','A'}",0.0,0.5,"{'LEFT','LEFT'}"
2019-11-05 14:42:44.156083574,966.9490771785651,557.748109750087,"{'A','A'}",0.5,0.0,"{'LEFT','LEFT'}"
2019-11-05 14:42:44.163226431,967.059659191801,557.8290080571401,{'A'},0.0,0.0,{'LEFT'}
2019-11-05 14:42:44.170369288,,,"{'A','A'}",1.0,1.0,"{'LEFT','LEFT'}"
2019-11-05 14:42:44.177512145,967.598870648868,558.6482539080449,"{'A','A'}",1.0,0.0,"{'LEFT','LEFT'}"
2019-11-05 14:42:44.184655002,,,"{'A','A'}",1.0,0.5,"{'LEFT','LEFT'}"
2019-11-05 14:42:44.191797859,967.059712127186,558.4339370680481,"{'A','A'}",1.0,0.0,{'LEFT'}
2019-11-05 14:42:44.198940716,966.9966386575909,558.703190614587,"{'A','A'}",2.0,1.0,"{'LEFT','LEFT'}"
2019-11-05 14:42:44.206083573,,,{},1.5,0.0,"{'LEFT','LEFT'}"
2019-11-05 14:42:44.213226430,963.421634314283,556.140531516148,{},3.0,1.0,{'LEFT'}
2019-11-05 14:42:44.220369287,962.8454901168691,556.063679750824,{},3.0,0.0,"{'LEFT','LEFT'}"
2019-11-05 14:42:44.227512144,,,{},2.5,0.0,"{'LEFT','LEFT'}"
2019-11-05 14:42:44.234655001,962.147086566391,555.540808045049,{},2.0,0.0,"{'LEFT','LEFT'}"
2019-11-05 14:42:44.241797858,962.500232437447,554.774269256245,{},2.5,0.0,{'LEFT'}
2019-11-05 14:42:44.248940715,,,{},0.0,0.0,"{'LEFT','LEFT'}"
2019-11-05 14:42:44.256083572,963.065429529413,556.817949410669,{},2.0,0.5,"{'LEFT','LEFT'}"
2019-11-05 14:42:44.263226429,961.464542766297,559.616901395465,{},1.0,0.0,{'LEFT'}
2019-11-05 14:42:44.270369286,,,{},0.5,0.5,"{'LEFT','LEFT'}"
2019-11-05 14:42:44.277512143,957.9390324245751,560.215680714893,{},0.5,1.0,"{'LEFT','LEFT'}"
2019-11-05 14:42:44.284655000,,,{},1.0,1.0,{'LEFT'}
2019-11-05 14:42:44.291797857,957.021622158445,558.830033555687,{},0.0,1.0,"{'LEFT','LEFT'}"
2019-11-05 14:42:44.298940714,955.8485002156309,556.128232618645,{},0.5,1.5,"{'LEFT','LEFT'}"
2019-11-05 14:42:44.306083571,,,{},0.0,0.0,{'LEFT'}
2019-11-05 14:42:44.313226428,956.2782549015981,552.0722767467411,{},0.5,0.5,"{'LEFT','LEFT'}"
2019-11-05 14:42:44.320369285,956.6377485512551,551.417594389654,{},1.0,0.0,"{'LEFT','LEFT'}"
2019-11-05 14:42:44.327512142,,,{},1.5,1.0,{'LEFT'}
2019-11-05 14:42:44.334654999,956.9619293133451,549.736782087837,{},1.5,0.5,"{'LEFT','LEFT'}"
2019-11-05 14:42:44.341797856,957.272289192521,551.978538370922,{},2.0,0.0,"{'LEFT','LEFT'}"
2019-11-05 14:42:44.348940713,,,{},1.5,1.0,"{'LEFT','LEFT'}"
2019-11-05 14:42:44.356083570,957.0619021628698,550.505400787021,{},2.0,1.0,{'LEFT'}
2019-11-05 14:42:44.363226427,957.351976966189,551.486471448928,{},2.0,1.5,"{'LEFT','LEFT'}"
2019-11-05 14:42:44.370369284,,,{},3.0,2.5,"{'LEFT','LEFT'}"
2019-11-05 14:42:44.377512141,957.374964067082,551.376180773619,{},5.0,4.0,{'LEFT'}
2019-11-05 14:42:44.384654998,,,{},4.0,4.0,"{'LEFT','LEFT'}"
2019-11-05 14:42:44.391797855,957.374322339198,551.644784209566,{},3.0,2.0,"{'LEFT','LEFT'}"
2019-11-05 14:42:44.398940712,953.825080007433,552.783460366819,{},6.0,5.5,"{'LEFT','LEFT'}"
2019-11-05 14:42:44.406083569,,,{},2.0,2.5,{'LEFT'}
2019-11-05 14:42:44.413226426,954.364228830102,553.148732475629,{},3.0,1.0,"{'LEFT','LEFT'}"
2019-11-05 14:42:44.420369283,954.1651022598421,554.004729338401,{},1.5,1.5,"{'LEFT','LEFT'}"
2019-11-05 14:42:44.427512140,,,{},1.0,1.0,{'LEFT'}
2019-11-05 14:42:44.434654997,950.77245815638,554.108959115241,{},0.5,1.0,"{'LEFT','LEFT'}"
2019-11-05 14:42:44.441797854,949.512278399561,554.838769919412,{},0.0,1.0,{'LEFT'}
2019-11-05 14:42:44.448940711,,,{},0.0,1.0,"{'LEFT','LEFT'}"
2019-11-05 14:42:44.456083568,948.5148251265449,554.176060877336,{},-0.5,0.5,"{'LEFT','LEFT'}"
2019-11-05 14:42:44.463226425,947.931724310303,552.359743602472,{},-1.5,2.0,"{'LEFT','LEFT'}"
2019-11-05 14:42:44.470369282,,,{},0.0,1.0,{'LEFT'}
2019-11-05 14:42:44.477512139,947.416680252901,552.061491019685,{},-1.0,1.5,"{'LEFT','LEFT'}"
2019-11-05 14:42:44.484654996,,,{},-1.0,1.5,"{'LEFT','LEFT'}"
2019-11-05 14:42:44.491797853,946.301094891866,548.223886292149,{},-1.0,1.0,{'LEFT'}
2019-11-05 14:42:44.498940710,945.024405522688,546.389041075161,{},0.0,1.0,"{'LEFT','LEFT'}"
2019-11-05 14:42:44.506083567,,,{},0.0,1.0,"{'LEFT','LEFT'}"
2019-11-05 14:42:44.513226424,944.30575673169,545.071950483165,{},0.5,0.5,"{'LEFT','LEFT'}"
2019-11-05 14:42:44.520369281,944.171398165965,544.9999714251879,{},0.0,1.0,{'LEFT'}
2019-11-05 14:42:44.527512138,,,{},1.0,0.5,"{'LEFT','LEFT'}"
2019-11-05 14:42:44.534654995,943.7382356118809,544.209188694266,{},1.0,0.5,"{'LEFT','LEFT'}"
2019-11-05 14:42:44.541797852,940.4187863370289,540.9085863613581,{},1.0,0.5,"{'LEFT','LEFT'}"
2019-11-05 14:42:44.548940709,,,{},1.5,1.0,"{'LEFT','LEFT'}"
2019-11-05 14:42:44.556083566,941.078273687094,541.679965170578,{},1.0,0.0,{'LEFT'}
2019-11-05 14:42:44.563226423,940.682054899451,541.7039226073069,{},1.0,1.0,{'LEFT'}
2019-11-05 14:42:44.570369280,,,{},1.5,1.0,"{'LEFT','LEFT'}"
2019-11-05 14:42:44.577512137,940.707647534719,541.341655649066,{},1.5,0.5,"{'LEFT','LEFT'}"
2019-11-05 14:42:44.584654994,,,{},0.0,0.0,{'LEFT'}
2019-11-05 14:42:44.591797851,941.0670493913381,539.950571831759,{},1.0,0.5,"{'LEFT','LEFT'}"
2019-11-05 14:42:44.598940708,941.9887127306371,538.3656102466359,{},0.5,0.5,"{'LEFT','LEFT'}"
2019-11-05 14:42:44.606083565,,,{},1.0,1.0,{'LEFT'}
2019-11-05 14:42:44.613226422,943.536868318593,537.737841333035,{},1.0,0.5,"{'LEFT','LEFT'}"
2019-11-05 14:42:44.620369279,946.930827281737,536.581857629037,{},1.0,0.0,"{'LEFT','LEFT'}"
2019-11-05 14:42:44.627512136,,,{},1.5,1.0,"{'LEFT','LEFT'}"
2019-11-05 14:42:44.634654993,953.3909625078529,534.053287988767,{},1.0,0.0,{'LEFT'}
2019-11-05 14:42:44.641797850,954.810089928964,533.988844130373,{},1.0,1.0,"{'LEFT','LEFT'}"
2019-11-05 14:42:44.648940707,,,{},2.0,0.0,"{'LEFT','LEFT'}"
2019-11-05 14:42:44.656083564,956.1101782300881,533.389994627654,{},1.5,0.0,{'LEFT'}
2019-11-05 14:42:44.663226421,959.5138057481951,530.557633926718,{},1.0,0.0,"{'LEFT','LEFT'}"
2019-11-05 14:42:44.670369278,,,{},0.5,0.0,"{'LEFT','LEFT'}"
2019-11-05 14:42:44.677512135,961.639236508685,529.593138145306,{},1.0,0.0,{'LEFT'}
2019-11-05 14:42:44.684654992,,,{},0.0,1.0,"{'LEFT','LEFT'}"
2019-11-05 14:42:44.691797849,962.924215196185,529.012664760677,{},0.5,0.0,"{'LEFT','LEFT'}"
2019-11-05 14:42:44.698940706,962.974363115382,528.691890822814,{},1.0,0.5,{'LEFT'}
2019-11-05 14:42:44.706083563,,,{},0.0,1.0,"{'LEFT','LEFT'}"
2019-11-05 14:42:44.713226420,962.533955497165,525.1554565817939,{},1.0,0.5,"{'LEFT','LEFT'}"
2019-11-05 14:42:44.720369277,962.5220627316198,522.943257826911,{},1.0,2.0,{'LEFT'}
2019-11-05 14:42:44.727512134,,,{},1.5,1.5,"{'LEFT','LEFT'}"
2019-11-05 14:42:44.734654991,962.38721826985,522.987142217174,{},2.0,1.5,"{'LEFT','LEFT'}"
2019-11-05 14:42:44.741797848,961.866274691562,523.859850103043,{},1.0,1.0,{'LEFT'}
2019-11-05 14:42:44.748940705,,,{},1.5,0.5,"{'LEFT','LEFT'}"
2019-11-05 14:42:44.756083562,961.593199077641,523.723555724632,{},2.5,2.0,"{'LEFT','LEFT'}"
2019-11-05 14:42:44.763226419,960.604458923842,523.879311099014,{},4.0,2.0,"{'LEFT','LEFT'}"
2019-11-05 14:42:44.770369276,,,{},2.0,1.0,{'LEFT'}
2019-11-05 14:42:44.777512133,972.5505859216611,497.44132600928594,{},3.5,2.0,"{'LEFT','LEFT'}"
2019-11-05 14:42:44.784654990,,,{},5.0,2.0,"{'LEFT','LEFT'}"
2019-11-05 14:42:44.791797847,985.03226911515,477.69763732192,{},5.0,1.0,{'LEFT'}
2019-11-05 14:42:44.798940704,985.957134699278,474.981938251742,{},4.5,1.5,"{'LEFT','LEFT'}"
2019-11-05 14:42:44.806083561,,,"{'A','A'}",4.0,1.0,"{'LEFT','LEFT'}"
2019-11-05 14:42:44.813226418,985.530543695111,475.285881799226,{'A'},3.5,1.5,{'LEFT'}
2019-11-05 14:42:44.820369275,982.444493170114,472.51470967869795,"{'A','A'}",3.0,1.0,"{'LEFT','LEFT'}"
2019-11-05 14:42:44.827512132,,,"{'A','A'}",4.5,1.5,"{'LEFT','LEFT'}"
2019-11-05 14:42:44.834654989,983.028854250496,470.860581330167,{'A'},2.0,0.5,"{'LEFT','LEFT'}"
2019-11-05 14:42:44.841797846,983.148878366909,470.985710147169,"{'A','A'}",2.0,1.0,{'LEFT'}
2019-11-05 14:42:44.848940703,,,"{'A','A'}",3.0,1.0,"{'LEFT','LEFT'}"
2019-11-05 14:42:44.856083560,983.4927822053329,469.561147757541,"{'A','A'}",3.5,1.5,"{'LEFT','LEFT'}"
2019-11-05 14:42:44.863226417,983.811283626896,470.89447289194504,"{'A','A'}",2.5,0.5,"{'LEFT','LEFT'}"
2019-11-05 14:42:44.870369274,,,{'A'},3.0,1.0,{'LEFT'}
2019-11-05 14:42:44.877512131,982.3350147149749,472.28156533311,"{'A','A'}",3.0,1.0,"{'LEFT','LEFT'}"
2019-11-05 14:42:44.884654988,,,{'A'},2.0,0.0,{'LEFT'}
2019-11-05 14:42:44.891797845,981.1886316260319,474.033859796501,"{'A','A'}",3.0,1.5,"{'LEFT','LEFT'}"
2019-11-05 14:42:44.898940702,979.551217967769,474.252680424592,"{'A','A'}",2.5,1.0,"{'LEFT','LEFT'}"
2019-11-05 14:42:44.906083559,,,"{'A','A'}",1.5,0.5,"{'LEFT','LEFT'}"
2019-11-05 14:42:44.913226416,977.2701275693989,474.742777544159,{'A'},2.0,1.0,"{'LEFT','LEFT'}"
2019-11-05 14:42:44.920369273,967.3103768867791,477.447276133424,"{'A','A'}",1.0,1.0,{'LEFT'}
2019-11-05 14:42:44.927512130,,,"{'A','A'}",2.0,1.0,"{'LEFT','LEFT'}"
2019-11-05 14:42:44.934654987,959.263334262177,482.44478782303804,{'A'},1.0,0.5,{'LEFT'}
2019-11-05 14:42:44.941797844,954.483974279706,486.979736037053,"{'A','A','LCONTROL'}",1.0,0.5,"{'LEFT','LEFT'}"
2019-11-05 14:42:44.948940701,,,"{'A','LCONTROL','A','LCONTROL'}",3.0,1.5,"{'LEFT','LEFT'}"
2019-11-05 14:42:44.956083558,955.192003013703,487.420385612035,"{'A','LCONTROL'}",10.0,5.0,{'LEFT'}
2019-11-05 14:42:44.963226415,956.0039705116341,489.07437579928705,"{'A','LCONTROL','A','LCONTROL'}",2.5,1.0,"{'LEFT','LEFT'}"
2019-11-05 14:42:44.970369272,,,"{'A','LCONTROL','A','LCONTROL'}",8.0,4.0,{'LEFT'}
2019-11-05 14:42:44.977512129,955.059295021955,489.490146282818,"{'A','LCONTROL','A','LCONTROL'}",10.0,3.0,"{'LEFT','LEFT'}"
2019-11-05 14:42:44.984654986,,,"{'A','LCONTROL'}",26.0,6.5,"{'LEFT','LEFT'}"
2019-11-05 14:42:44.991797843,954.475722748636,489.835092749514,"{'A','LCONTROL','A','LCONTROL'}",10.0,1.0,{'LEFT'}
2019-11-05 14:42:44.998940700,954.5798009991901,490.10890159885696,"{'A','LCONTROL','A','LCONTROL'}",4.5,0.5,"{'LEFT','LEFT'}"
2019-11-05 14:42:45.006083557,,,"{'A','LCONTROL'}",7.5,0.5,"{'LEFT','LEFT'}"
2019-11-05 14:42:45.013226414,954.7641198501109,491.08768622040805,"{'A','LCONTROL','A','LCONTROL'}",14.0,1.5,"{'LEFT','LEFT'}"
2019-11-05 14:42:45.020369271,955.036293552964,491.71674247921896,"{'A','LCONTROL','A','LCONTROL'}",2.0,0.0,{'LEFT'}
2019-11-05 14:42:45.027512128,,,"{'A','LCONTROL','A','LCONTROL'}",0.5,0.0,"{'LEFT','LEFT'}"
2019-11-05 14:42:45.034654985,955.054307052833,491.919493392602,"{'A','LCONTROL','A','LCONTROL'}",0.0,0.0,"{'LEFT','LEFT'}"
2019-11-05 14:42:45.041797842,955.653147064204,493.002440694634,"{'A','LCONTROL'}",0.0,0.0,{'LEFT'}
2019-11-05 14:42:45.048940699,,,"{'A','LCONTROL','A','LCONTROL'}",0.0,0.0,"{'LEFT','LEFT'}"
2019-11-05 14:42:45.056083556,955.719557283556,501.040621970902,"{'A','LCONTROL','A','LCONTROL'}",0.0,0.0,"{'LEFT','LEFT'}"
2019-11-05 14:42:45.063226413,955.4754684519198,501.082995313361,"{'A','LCONTROL'}",0.0,0.0,{'LEFT'}
2019-11-05 14:42:45.070369270,,,"{'A','LCONTROL','A','LCONTROL'}",-0.5,0.0,"{'LEFT','LEFT'}"
2019-11-05 14:42:45.077512127,955.322752027227,502.75923036588,"{'A','LCONTROL'}",-1.0,0.0,"{'LEFT','LEFT'}"
2019-11-05 14:42:45.084654984,,,"{'A','LCONTROL','A','LCONTROL'}",-1.0,0.0,{'LEFT'}
2019-11-05 14:42:45.091797841,954.8565353479939,502.403036597053,"{'A','LCONTROL','A','LCONTROL'}",-3.0,0.0,"{'LEFT','LEFT'}"
2019-11-05 14:42:45.098940698,954.4509876114661,501.761444234613,"{'A','LCONTROL','A','LCONTROL'}",-3.0,0.5,"{'LEFT','LEFT'}"
2019-11-05 14:42:45.106083555,,,"{'A','LCONTROL'}",-4.0,0.0,{'LEFT'}
2019-11-05 14:42:45.113226412,947.237278246866,500.055584282103,"{'A','LCONTROL','A','LCONTROL'}",-5.0,0.5,"{'LEFT','LEFT'}"
2019-11-05 14:42:45.120369269,944.794769058714,498.920740195122,"{'A','LCONTROL','A','LCONTROL'}",-4.5,0.5,"{'LEFT','LEFT'}"
2019-11-05 14:42:45.127512126,,,"{'A','LCONTROL','A','LCONTROL'}",-5.0,0.0,"{'LEFT','LEFT'}"
2019-11-05 14:42:45.134654983,934.605853943023,495.189807425432,"{'A','LCONTROL'}",-14.0,2.0,{'LEFT'}
2019-11-05 14:42:45.141797840,934.0439512195869,494.874126756269,"{'A','LCONTROL','A','LCONTROL'}",-8.5,0.0,"{'LEFT','LEFT'}"
2019-11-05 14:42:45.148940697,,,"{'A','LCONTROL','A','LCONTROL'}",-8.0,0.0,"{'LEFT','LEFT'}"
2019-11-05 14:42:45.156083554,931.441206937095,493.05332346403503,"{'A','LCONTROL','A','LCONTROL'}",-9.5,0.0,"{'LEFT','LEFT'}"
2019-11-05 14:42:45.163226411,930.819123894689,492.323513555206,"{'A','LCONTROL','A','LCONTROL'}",-9.0,0.0,{'LEFT'}
2019-11-05 14:42:45.170369268,,,"{'A','LCONTROL'}",-14.0,-1.5,"{'LEFT','LEFT'}"
2019-11-05 14:42:45.177512125,929.688027847061,492.911705489284,"{'A','LCONTROL','A','LCONTROL'}",-13.5,-1.0,"{'LEFT','LEFT'}"
2019-11-05 14:42:45.184654982,929.026873667727,493.288970884056,"{'A','LCONTROL','A','LCONTROL'}",-13.0,-2.0,{'LEFT'}
2019-11-05 14:42:45.191797839,,,"{'A','LCONTROL'}",-16.5,-1.5,"{'LEFT','LEFT'}"
2019-11-05 14:42:45.198940696,928.9153993144321,493.463288001092,"{'A','LCONTROL','A','LCONTROL'}",-10.0,-0.5,"{'LEFT','LEFT'}"
2019-11-05 14:42:45.206083553,,,"{'A','LCONTROL','A','LCONTROL'}",-11.0,0.0,{'LEFT'}
2019-11-05 14:42:45.213226410,928.307679511176,493.560578489924,"{'A','LCONTROL','A','LCONTROL'}",-10.0,-1.5,"{'LEFT','LEFT'}"
2019-11-05 14:42:45.220369267,927.748795007064,494.06320119926596,"{'A','LCONTROL'}",-2.0,-0.5,"{'LEFT','LEFT'}"
2019-11-05 14:42:45.227512124,,,"{'A','LCONTROL','A','LCONTROL'}",-1.0,0.0,{'LEFT'}
2019-11-05 14:42:45.234654981,927.690166676477,494.037096689033,"{'A','LCONTROL'}",0.0,0.0,"{'LEFT','LEFT'}"
2019-11-05 14:42:45.241797838,927.7980137939979,493.89761930072,"{'A','LCONTROL','A','LCONTROL'}",0.0,0.0,{'LEFT'}
2019-11-05 14:42:45.248940695,,,"{'A','LCONTROL','A','LCONTROL'}",0.0,0.0,"{'LEFT','LEFT'}"
2019-11-05 14:42:45.256083552,928.2389625556219,493.600951971154,"{'A','LCONTROL','A','LCONTROL'}",0.5,-0.5,"{'LEFT','LEFT'}"
2019-11-05 14:42:45.263226409,928.9724799107091,492.08625655483803,"{'A','LCONTROL'}",1.0,-1.0,"{'LEFT','LEFT'}"
2019-11-05 14:42:45.270369266,,,"{'A','LCONTROL','A','LCONTROL'}",0.0,0.0,{'LEFT'}
2019-11-05 14:42:45.277512123,935.729508806082,490.869200043314,"{'A','LCONTROL'}",0.0,0.0,{'LEFT'}
2019-11-05 14:42:45.284654980,939.9949097685229,490.66161676364305,"{'A','LCONTROL','A','LCONTROL'}",0.0,0.0,"{'LEFT','LEFT'}"
2019-11-05 14:42:45.291797837,,,"{'A','LCONTROL'}",0.0,0.0,{'LEFT'}
2019-11-05 14:42:45.298940694,948.2857091069411,489.596979794762,"{'A','LCONTROL','A','LCONTROL'}",0.5,-0.5,"{'LEFT','LEFT'}"
2019-11-05 14:42:45.306083551,,,"{'A','LCONTROL','A','LCONTROL'}",1.0,-0.5,"{'LEFT','LEFT'}"
2019-11-05 14:42:45.313226408,950.6274325504221,489.761931641068,"{'A','LCONTROL'}",1.5,-0.5,"{'LEFT','LEFT'}"
2019-11-05 14:42:45.320369265,952.799069484461,489.85474411497495,"{'A','LCONTROL','A','LCONTROL'}",2.5,-0.5,"{'LEFT','LEFT'}"
2019-11-05 14:42:45.327512122,,,"{'A','LCONTROL','A','LCONTROL'}",3.0,-1.0,{'LEFT'}
2019-11-05 14:42:45.334654979,956.679343723087,490.13391264495004,"{'A','LCONTROL'}",3.0,-0.5,"{'LEFT','LEFT'}"
2019-11-05 14:42:45.341797836,963.281295964167,490.680424866211,"{'A','LCONTROL','A','LCONTROL'}",2.5,-0.5,"{'LEFT','LEFT'}"
2019-11-05 14:42:45.348940693,,,"{'A','LCONTROL','A','LCONTROL'}",3.0,0.0,{'LEFT'}
2019-11-05 14:42:45.356083550,965.483255355771,491.560629580856,"{'A','LCONTROL'}",2.5,-0.5,"{'LEFT','LEFT'}"
2019-11-05 14:42:45.363226407,969.945963275455,494.826659733885,"{'A','LCONTROL','A','LCONTROL'}",4.5,-0.5,"{'LEFT','LEFT'}"
2019-11-05 14:42:45.370369264,,,"{'A','LCONTROL'}",2.0,-1.0,{'LEFT'}
2019-11-05 14:42:45.377512121,970.940689169148,496.648779419661,"{'A','LCONTROL','A','LCONTROL'}",2.5,-0.5,"{'LEFT','LEFT'}"
2019-11-05 14:42:45.384654978,,,"{'A','LCONTROL','A','LCONTROL'}",2.0,-0.5,"{'LEFT','LEFT'}"
2019-11-05 14:42:45.391797835,973.381269216995,497.474098845001,"{'A','LCONTROL'}",3.0,-1.0,{'LEFT'}
2019-11-05 14:42:45.398940692,973.2442665753849,497.980694839794,"{'A','LCONTROL','A','LCONTROL'}",2.5,0.0,"{'LEFT','LEFT'}"
2019-11-05 14:42:45.406083549,,,"{'A','LCONTROL'}",2.5,-0.5,"{'LEFT','LEFT'}"
2019-11-05 14:42:45.413226406,968.514316423828,495.502248970196,"{'A','LCONTROL','A','LCONTROL'}",3.0,0.0,{'LEFT'}
2019-11-05 14:42:45.420369263,967.901179333641,494.899816998426,"{'A','LCONTROL','A','LCONTROL'}",2.0,0.0,"{'LEFT','LEFT'}"
2019-11-05 14:42:45.427512120,,,"{'A','LCONTROL'}",2.0,0.0,"{'LEFT','LEFT'}"
2019-11-05 14:42:45.434654977,967.433150838731,495.05778674568296,"{'A','LCONTROL','A','LCONTROL'}",2.0,-0.5,{'LEFT'}
2019-11-05 14:42:45.441797834,965.531291773618,495.768976883613,"{'A','LCONTROL','A','LCONTROL'}",2.0,0.0,"{'LEFT','LEFT'}"
2019-11-05 14:42:45.448940691,,,"{'A','LCONTROL'}",1.5,-0.5,"{'LEFT','LEFT'}"
2019-11-05 14:42:45.456083548,962.197675305823,499.280493532842,"{'A','LCONTROL','A','LCONTROL'}",1.0,-1.0,{'LEFT'}
2019-11-05 14:42:45.463226405,961.854266272521,499.235780779312,"{'A','LCONTROL','A','LCONTROL'}",2.0,-0.5,"{'LEFT','LEFT'}"
2019-11-05 14:42:45.470369262,,,"{'A','LCONTROL','A','LCONTROL'}",0.5,-0.5,"{'LEFT','LEFT'}"
2019-11-05 14:42:45.477512119,961.5876943590289,499.420882899773,"{'A','LCONTROL'}",2.0,-1.0,{'LEFT'}
2019-11-05 14:42:45.484654976,,,"{'A','LCONTROL','A','LCONTROL'}",1.0,-0.5,"{'LEFT','LEFT'}"
2019-11-05 14:42:45.491797833,960.965893272695,500.316742471241,"{'A','LCONTROL','A','LCONTROL'}",1.0,0.0,{'LEFT'}
2019-11-05 14:42:45.498940690,962.316714442067,502.628168891668,"{'A','LCONTROL','A','LCONTROL'}",1.0,-0.5,"{'LEFT','LEFT'}"
2019-11-05 14:42:45.506083547,,,"{'A','LCONTROL'}",1.5,-0.5,"{'LEFT','LEFT'}"
2019-11-05 14:42:45.513226404,963.5617808166198,505.60477757775595,"{'A','LCONTROL','A','LCONTROL'}",1.0,-1.0,{'LEFT'}
2019-11-05 14:42:45.520369261,964.387752017333,507.18407121150904,"{'A','LCONTROL'}",2.0,-0.5,"{'LEFT','LEFT'}"
2019-11-05 14:42:45.527512118,,,"{'A','LCONTROL','A','LCONTROL'}",2.5,-1.0,"{'LEFT','LEFT'}"
2019-11-05 14:42:45.534654975,964.826308728246,509.22052795746697,"{'A','LCONTROL','A','LCONTROL'}",2.5,-1.0,"{'LEFT','LEFT'}"
2019-11-05 14:42:45.541797832,963.4621577009771,508.792544387409,"{'A','LCONTROL'}",2.0,-1.0,{'LEFT'}
2019-11-05 14:42:45.548940689,,,"{'A','LCONTROL','A','LCONTROL'}",2.5,-1.5,"{'LEFT','LEFT'}"
2019-11-05 14:42:45.556083546,960.687484762713,507.379139426376,"{'A','LCONTROL','A','LCONTROL'}",1.0,-1.0,"{'LEFT','LEFT'}"
2019-11-05 14:42:45.563226403,959.510468177854,506.505449980987,"{'A','LCONTROL','LCONTROL'}",2.0,-0.5,"{'LEFT','LEFT'}"
2019-11-05 14:42:45.570369260,,,"{'LCONTROL','LCONTROL'}",0.0,-0.5,{'LEFT'}
2019-11-05 14:42:45.577512117,958.285635239036,505.221677839895,{'LCONTROL'},1.0,0.0,{'LEFT'}
2019-11-05 14:42:45.584654974,955.1036597048759,503.311086516121,"{'LCONTROL','LCONTROL'}",0.0,0.0,"{'LEFT','LEFT'}"
2019-11-05 14:42:45.591797831,,,"{'LCONTROL','LCONTROL'}",0.0,0.0,"{'LEFT','LEFT'}"
2019-11-05 14:42:45.598940688,952.478906838869,502.92821889686303,"{'LCONTROL','LCONTROL'}",-0.5,0.0,"{'LEFT','LEFT'}"
2019-11-05 14:42:45.606083545,,,{'LCONTROL'},-1.0,0.0,{'LEFT'}
2019-11-05 14:42:45.613226402,951.296213977643,502.906746144189,"{'LCONTROL','LCONTROL'}",-0.5,0.5,"{'LEFT','LEFT'}"
2019-11-05 14:42:45.620369259,950.728764871183,503.652729029265,"{'LCONTROL','LCONTROL'}",-0.5,0.0,"{'LEFT','LEFT'}"
2019-11-05 14:42:45.627512116,,,"{'LCONTROL','LCONTROL'}",0.0,1.0,{'LEFT'}
2019-11-05 14:42:45.634654973,950.284654156724,504.60530704052695,"{'LCONTROL','LCONTROL'}",-0.5,0.0,"{'LEFT','LEFT'}"
2019-11-05 14:42:45.641797830,949.971090452907,504.558295669999,{'LCONTROL'},-0.5,0.5,{'LEFT'}
2019-11-05 14:42:45.648940687,,,"{'LCONTROL','LCONTROL'}",0.0,0.0,"{'LEFT','LEFT'}"
2019-11-05 14:42:45.656083544,950.25119531684,505.835026021744,"{'LCONTROL','LCONTROL'}",-0.5,0.5,"{'LEFT','LEFT'}"
2019-11-05 14:42:45.663226401,949.6542204976199,505.540958529378,{'LCONTROL'},-1.0,0.0,{'LEFT'}
2019-11-05 14:42:45.670369258,,,"{'LCONTROL','LCONTROL'}",-0.5,0.5,"{'LEFT','LEFT'}"
2019-11-05 14:42:45.677512115,949.2850315145531,505.934928949674,{'LCONTROL'},-1.0,1.0,"{'LEFT','LEFT'}"
2019-11-05 14:42:45.684654972,947.5464566406698,507.50084227100194,"{'LCONTROL','LCONTROL'}",-1.0,0.0,{'LEFT'}
2019-11-05 14:42:45.691797829,,,{'LCONTROL'},-1.0,0.5,"{'LEFT','LEFT'}"
2019-11-05 14:42:45.698940686,946.945179236656,509.42104112526704,"{'LCONTROL','LCONTROL'}",0.0,0.5,"{'LEFT','LEFT'}"
2019-11-05 14:42:45.706083543,,,"{'LCONTROL','LCONTROL'}",-1.0,0.0,{'LEFT'}
2019-11-05 14:42:45.713226400,946.7416962373151,509.70424426736804,"{'LCONTROL','LCONTROL'}",0.0,0.0,"{'LEFT','LEFT'}"
2019-11-05 14:42:45.720369257,946.9168754380198,509.553073179043,{'LCONTROL'},0.0,0.0,{'LEFT'}
2019-11-05 14:42:45.727512114,,,"{'LCONTROL','LCONTROL'}",0.0,0.0,"{'LEFT','LEFT'}"
2019-11-05 14:42:45.734654971,946.928788965883,509.03241371589303,"{'LCONTROL','LCONTROL'}",0.0,0.0,"{'LEFT','LEFT'}"
2019-11-05 14:42:45.741797828,946.549111321574,509.112483664549,{'LCONTROL'},0.0,0.0,"{'LEFT','LEFT'}"
2019-11-05 14:42:45.748940685,,,"{'LCONTROL','LCONTROL'}",-0.5,0.5,"{'LEFT','LEFT'}"
2019-11-05 14:42:45.756083542,946.1456727191729,509.01817479925995,"{'LCONTROL','LCONTROL'}",-1.0,0.0,"{'LEFT','LEFT'}"
2019-11-05 14:42:45.763226399,946.2046265016189,509.222145452397,"{'LCONTROL','LCONTROL'}",-1.0,1.0,{'LEFT'}
2019-11-05 14:42:45.770369256,,,{'LCONTROL'},-1.0,0.5,"{'LEFT','LEFT'}"
2019-11-05 14:42:45.777512113,946.249950153961,509.427292515709,"{'LCONTROL','LCONTROL'}",-1.5,1.0,{'LEFT'}
2019-11-05 14:42:45.784654970,947.106738312748,511.30333574193804,"{'LCONTROL','LCONTROL'}",-1.0,0.5,"{'LEFT','LEFT'}"
2019-11-05 14:42:45.791797827,,,{'LCONTROL'},-1.0,1.0,"{'LEFT','LEFT'}"
2019-11-05 14:42:45.798940684,947.470400903513,510.98653247978206,"{'LCONTROL','LCONTROL'}",-0.5,0.5,{'LEFT'}
2019-11-05 14:42:45.806083541,,,"{'LCONTROL','LCONTROL'}",-0.5,0.0,"{'LEFT','LEFT'}"
2019-11-05 14:42:45.813226398,948.065989817073,511.382573468078,"{'LCONTROL','LCONTROL'}",0.0,0.0,"{'LEFT','LEFT'}"
2019-11-05 14:42:45.820369255,947.6705267482091,513.145715594488,{'LCONTROL'},0.0,0.0,{'LEFT'}
2019-11-05 14:42:45.827512112,,,"{'LCONTROL','LCONTROL'}",0.0,0.0,"{'LEFT','LEFT'}"
2019-11-05 14:42:45.834654969,946.699597875066,512.838299903056,"{'LCONTROL','LCONTROL'}",0.0,0.0,"{'LEFT','LEFT'}"
2019-11-05 14:42:45.841797826,949.082892586831,517.635927588805,{'LCONTROL'},0.0,0.0,"{'LEFT','LEFT'}"
2019-11-05 14:42:45.848940683,,,"{'LCONTROL','LCONTROL'}",0.0,0.0,{'LEFT'}
2019-11-05 14:42:45.856083540,950.0598263782871,519.1224246250521,"{'LCONTROL','LCONTROL'}",0.0,0.0,{'LEFT'}
2019-11-05 14:42:45.863226397,952.595446512801,517.93635102088,"{'LCONTROL','LCONTROL'}",0.0,0.0,"{'LEFT','LEFT'}"
2019-11-05 14:42:45.870369254,,,{'LCONTROL'},0.0,0.0,"{'LEFT','LEFT'}"
2019-11-05 14:42:45.877512111,953.753557497347,516.9865440622721,"{'LCONTROL','LCONTROL'}",0.0,0.0,{'LEFT'}
2019-11-05 14:42:45.884654968,955.425308341543,514.5470027168531,{'LCONTROL'},0.0,0.0,"{'LEFT','LEFT'}"
2019-11-05 14:42:45.891797825,,,"{'LCONTROL','LCONTROL'}",0.0,0.0,"{'LEFT','LEFT'}"
2019-11-05 14:42:45.898940682,955.6880005635601,513.854812274992,"{'LCONTROL','LCONTROL'}",0.0,0.0,"{'LEFT','LEFT'}"
2019-11-05 14:42:45.906083539,,,{'LCONTROL'},0.0,0.0,{'LEFT'}
2019-11-05 14:42:45.913226396,956.574615585534,514.0261669254251,"{'LCONTROL','LCONTROL'}",0.0,0.5,"{'LEFT','LEFT'}"
2019-11-05 14:42:45.920369253,959.081979530606,510.592402541932,"{'LCONTROL','LCONTROL'}",0.0,0.0,"{'LEFT','LEFT'}"
2019-11-05 14:42:45.927512110,,,{'LCONTROL'},0.0,0.0,{'LEFT'}
2019-11-05 14:42:45.934654967,961.4112580950219,507.478420486788,"{'LCONTROL','LCONTROL'}",0.0,0.0,"{'LEFT','LEFT'}"
2019-11-05 14:42:45.941797824,962.707875893154,506.36678794387495,{'LCONTROL'},1.0,0.0,{}
2019-11-05 14:42:45.948940681,,,"{'LCONTROL','LCONTROL'}",1.0,0.5,{}
2019-11-05 14:42:45.956083538,963.1580809546449,503.033100671549,{},1.0,1.0,{}
2019-11-05 14:42:45.963226395,961.9655661366651,502.88517459713097,{},1.5,0.5,{}
2019-11-05 14:42:45.970369252,,,{},3.0,0.5,{}
2019-11-05 14:42:45.977512109,961.9115477219091,503.388298878659,{},7.0,0.0,{}
2019-11-05 14:42:45.984654966,962.0311198934791,504.334373367748,{'W'},3.0,0.5,{}
2019-11-05 14:42:45.991797823,,,"{'W','W'}",2.5,0.5,{}
2019-11-05 14:42:45.998940680,962.0909990573821,504.96854865801805,"{'W','W'}",0.5,0.5,{}
2019-11-05 14:42:46.006083537,,,"{'W','W'}",-1.0,0.0,{}
2019-11-05 14:42:46.013226394,961.5936586738769,506.41297836822304,{'W'},-4.5,0.0,{}
2019-11-05 14:42:46.020369251,960.8167836818151,507.888266113473,"{'W','W'}",-3.0,-2.0,{}
2019-11-05 14:42:46.027512108,,,{'W'},-5.0,-2.5,{}
2019-11-05 14:42:46.034654965,958.392066688255,508.95235958309996,"{'W','W'}",-5.0,-2.5,{}
2019-11-05 14:42:46.041797822,959.334914035496,509.169910227471,"{'W','W'}",-8.0,-4.0,{}
2019-11-05 14:42:46.048940679,,,{'W'},-5.0,-3.0,{}
2019-11-05 14:42:46.056083536,956.703487629543,508.80611584026605,"{'W','W'}",-5.0,-3.0,{}
2019-11-05 14:42:46.063226393,956.49181044238,508.65894665772004,"{'W','W'}",-6.0,-3.0,{}
2019-11-05 14:42:46.070369250,,,"{'W','W'}",-1.0,-1.0,{}
2019-11-05 14:42:46.077512107,958.300144887339,509.98664517003897,"{'W','W'}",-6.0,-3.0,{}
2019-11-05 14:42:46.084654964,956.335752487806,509.06461492346295,{'W'},-7.5,-4.0,{}
2019-11-05 14:42:46.091797821,,,"{'W','W'}",-12.0,-5.0,{}
2019-11-05 14:42:46.098940678,955.7893721624789,509.83262967397695,"{'W','W'}",-6.5,-2.5,{}
2019-11-05 14:42:46.106083535,,,{'W'},-9.0,-5.0,{}
2019-11-05 14:42:46.113226392,955.852431449453,510.668996595324,"{'W','W'}",-14.5,-6.5,{}
2019-11-05 14:42:46.120369249,956.481277901233,511.57307270051905,"{'W','W'}",-5.0,-3.0,{}
2019-11-05 14:42:46.127512106,,,{'W'},-6.0,-3.0,{}
2019-11-05 14:42:46.134654963,958.209029042177,512.93284835881,"{'W','D','W'}",-6.0,-3.5,{}
2019-11-05 14:42:46.141797820,960.48037062301,514.666440578105,"{'D','W','D','W'}",-2.5,-1.5,{}
2019-11-05 14:42:46.148940677,,,"{'D','W','D','W'}",-2.0,-1.0,{}
2019-11-05 14:42:46.156083534,964.69798226375,518.2333847438961,"{'D','W'}",-1.0,-1.0,{}
2019-11-05 14:42:46.163226391,964.4038059984069,518.159514662965,"{'D','W','D','W'}",-1.0,-1.0,{}
2019-11-05 14:42:46.170369248,,,"{'D','W','D','W'}",-1.5,-0.5,{}
2019-11-05 14:42:46.177512105,988.108562421205,529.176211753498,"{'D','W','D','W'}",-3.0,-1.0,{}
2019-11-05 14:42:46.184654962,988.206775485594,529.109935170968,"{'D','W'}",-5.0,-2.0,{}
2019-11-05 14:42:46.191797819,,,"{'D','W','D','W'}",-5.0,-2.0,{}
2019-11-05 14:42:46.198940676,990.004232588409,529.0201220648099,"{'D','W','D','W'}",-3.5,-0.5,{}
2019-11-05 14:42:46.206083533,,,"{'D','W','D','W'}",-3.5,-0.5,{}
2019-11-05 14:42:46.213226390,1006.4305461276,536.746645337019,"{'D','W'}",-3.0,-0.5,{}
2019-11-05 14:42:46.220369247,1013.98444848437,542.256891774196,"{'D','W','D','W'}",-3.0,0.0,{}
2019-11-05 14:42:46.227512104,,,"{'D','W','D','W'}",-3.0,-0.5,{}
2019-11-05 14:42:46.234654961,1017.49985833388,544.187608654012,"{'D','W'}",-2.0,0.0,{}
2019-11-05 14:42:46.241797818,1018.2126224879302,543.655855297877,"{'D','W','D','W'}",-1.0,0.0,{}
2019-11-05 14:42:46.248940675,,,"{'D','W','D','W'}",-1.5,0.0,{}
2019-11-05 14:42:46.256083532,1018.8627492232699,543.693170570472,"{'D','W'}",-0.5,0.0,{}
2019-11-05 14:42:46.263226389,1017.2987774567,542.453236152878,"{'D','W','D','W'}",-1.0,-1.0,{}
2019-11-05 14:42:46.270369246,,,"{'D','W','D','W'}",-1.0,0.0,{}
2019-11-05 14:42:46.277512103,986.68397652786,542.068607474901,"{'D','W'}",-1.0,0.0,{}
2019-11-05 14:42:46.284654960,977.6264212324851,543.2282574639,"{'D','W','D','W'}",-2.0,-0.5,{}
2019-11-05 14:42:46.291797817,,,"{'D','W','D','W'}",-1.5,-0.5,{}
2019-11-05 14:42:46.298940674,944.5351667703819,547.752989388376,"{'D','W'}",-2.5,-0.5,{}
2019-11-05 14:42:46.306083531,,,"{'D','W','D','W'}",-2.0,-1.0,{}
2019-11-05 14:42:46.313226388,942.027572559075,547.644415280002,"{'D','W'}",-2.0,-1.0,{}
2019-11-05 14:42:46.320369245,939.3078929772211,547.1411926478679,"{'D','W','D','W'}",-2.0,-1.0,{}
2019-11-05 14:42:46.327512102,,,"{'D','W','D','W'}",-2.0,0.0,{}
2019-11-05 14:42:46.334654959,937.2431235265241,546.264273758315,"{'D','W'}",-2.0,-1.0,{}
2019-11-05 14:42:46.341797816,935.891792641205,546.1297270998961,"{'D','W','D','W'}",-2.0,-1.0,{}
2019-11-05 14:42:46.348940673,,,"{'D','W','D','W'}",-3.0,-2.0,{}
2019-11-05 14:42:46.356083530,935.4685806241549,546.776529494511,"{'D','W','D','W'}",-2.0,-0.5,{}
2019-11-05 14:42:46.363226387,937.465733715402,545.369670875346,"{'D','W'}",-1.5,-1.5,{}
2019-11-05 14:42:46.370369244,,,"{'D','W','D','W'}",-2.0,-1.0,{}
2019-11-05 14:42:46.377512101,939.241104104731,547.359735234638,"{'D','W','D','W'}",-3.0,-1.0,{}
2019-11-05 14:42:46.384654958,940.735595815978,548.252983775609,"{'D','W','D','W'}",-2.0,-1.0,{}
2019-11-05 14:42:46.391797815,,,"{'D','W'}",-2.0,-1.0,{}
2019-11-05 14:42:46.398940672,942.626961715459,547.448084088684,"{'D','W','D','W'}",-4.0,-1.5,{}
2019-11-05 14:42:46.406083529,,,"{'D','W','D','W'}",-3.5,-1.0,{}
2019-11-05 14:42:46.413226386,943.491416459715,546.944857032282,"{'D','W','D','W'}",-2.5,-1.0,{}
2019-11-05 14:42:46.420369243,949.8845042524199,544.8298106685791,"{'D','W'}",-3.0,-1.0,{}
2019-11-05 14:42:46.427512100,,,"{'D','W','D','W'}",-2.0,-0.5,{}
2019-11-05 14:42:46.434654957,949.320680889077,545.205954474854,"{'D','W'}",-2.0,0.0,{}
2019-11-05 14:42:46.441797814,952.3846096685589,545.092774885749,"{'D','W','D','W'}",-1.5,-0.5,{}
2019-11-05 14:42:46.448940671,,,"{'D','W','D','W'}",-1.5,-0.5,{}
2019-11-05 14:42:46.456083528,957.5270758649091,541.496049913697,"{'D','W','D','W'}",-1.5,0.0,{}
2019-11-05 14:42:46.463226385,956.3187326818629,542.242237319272,"{'D','W','D','W'}",-1.5,-0.5,{}
2019-11-05 14:42:46.470369242,,,"{'D','W'}",-1.0,-1.0,{}
2019-11-05 14:42:46.477512099,956.606777552599,543.2730323039219,"{'D','W','D','W'}",-1.0,-0.5,{}
2019-11-05 14:42:46.484654956,956.816248091884,543.436920211913,"{'D','W','D','W'}",-1.5,-0.5,{}
2019-11-05 14:42:46.491797813,,,"{'D','W','D','W'}",-1.0,-1.0,{}
2019-11-05 14:42:46.498940670,958.831631535856,543.8560107963681,"{'D','W','D','W'}",-1.0,0.0,{}
2019-11-05 14:42:46.506083527,,,"{'D','W'}",-1.0,-0.5,{}
2019-11-05 14:42:46.513226384,959.1819346152049,544.170803715947,"{'D','W','D','W'}",-2.0,-0.5,{}
2019-11-05 14:42:46.520369241,961.187163279039,545.1059070061099,"{'D','W','D','W'}",-2.0,0.0,{}
2019-11-05 14:42:46.527512098,963.664146689988,547.2180256479401,"{'D','W'}",-2.0,-1.0,{}
2019-11-05 14:42:46.534654955,,,"{'D','W','D','W'}",-1.5,-0.5,{}
2019-11-05 14:42:46.541797812,951.703805081957,544.1571256367649,"{'D','W'}",-1.0,-1.0,{}
2019-11-05 14:42:46.548940669,,,"{'D','W','D','W','D','W'}",-0.5,-0.5,{}
2019-11-05 14:42:46.556083526,948.717180444236,543.495732810715,"{'D','W'}",-1.0,-0.5,{}
2019-11-05 14:42:46.563226383,949.8403737828501,544.0070204401001,"{'D','W'}",0.0,0.0,{}
2019-11-05 14:42:46.570369240,,,"{'D','W','D','W'}",0.0,0.0,{}
2019-11-05 14:42:46.577512097,948.560954843997,543.854486410695,"{'D','W','D','W'}",-0.5,-0.5,{}
2019-11-05 14:42:46.584654954,946.712409373739,549.015110181952,"{'D','W','D','W'}",0.0,0.0,{}
2019-11-05 14:42:46.591797811,,,"{'W','W'}",0.0,0.0,{}
2019-11-05 14:42:46.598940668,944.214856622737,548.48955453039,{'W'},0.0,0.0,{}
2019-11-05 14:42:46.606083525,,,"{'W','W'}",0.0,0.0,{}
2019-11-05 14:42:46.613226382,944.4157001886709,548.536635289106,"{'W','W'}",0.0,0.0,{}
2019-11-05 14:42:46.620369239,944.278798433217,548.006839998964,{'W'},0.0,0.0,{}
2019-11-05 14:42:46.627512096,,,"{'W','W'}",0.0,0.0,{}
2019-11-05 14:42:46.634654953,946.681621150106,546.997503488744,{'W'},0.0,0.0,{}
2019-11-05 14:42:46.641797810,947.373025336483,549.0226600454799,"{'W','W'}",0.0,0.0,{}
2019-11-05 14:42:46.648940667,,,"{'W','W'}",0.0,0.0,{}
2019-11-05 14:42:46.656083524,948.606633929037,550.491158182839,{'W'},0.5,0.0,{}
2019-11-05 14:42:46.663226381,948.9802332452921,550.044303849617,"{'W','W'}",1.0,-0.5,{}
2019-11-05 14:42:46.670369238,,,{'W'},1.0,-1.0,{}
2019-11-05 14:42:46.677512095,948.977414014301,549.672096589458,"{'W','W'}",1.0,-0.5,{}
2019-11-05 14:42:46.684654952,948.6861805829401,549.921291733433,"{'W','W'}",2.0,-1.0,{}
2019-11-05 14:42:46.691797809,,,{'W'},1.0,-1.0,{}
2019-11-05 14:42:46.698940666,947.214873597551,550.397362335628,"{'W','W'}",0.5,-0.5,{}
2019-11-05 14:42:46.706083523,,,"{'W','W'}",0.5,0.0,{}
2019-11-05 14:42:46.713226380,947.481336935999,550.173340686128,{'W'},0.0,0.0,{}
2019-11-05 14:42:46.720369237,948.034513746692,549.120424666379,"{'W','W'}",0.0,0.0,{}
2019-11-05 14:42:46.727512094,,,{'W'},0.0,0.0,{}
2019-11-05 14:42:46.734654951,947.888115555001,549.559238496749,"{'W','W'}",0.0,0.0,{}
2019-11-05 14:42:46.741797808,946.451794129551,550.451321833139,{'W'},0.0,0.0,{}
2019-11-05 14:42:46.748940665,,,"{'W','W'}",0.0,0.0,{}
2019-11-05 14:42:46.756083522,945.295146830701,551.328804120423,"{'W','W'}",0.0,0.0,{}
2019-11-05 14:42:46.763226379,944.346403517225,551.910738641894,{'W'},0.0,0.0,{}
2019-11-05 14:42:46.770369236,,,"{'W','W'}",0.0,0.0,{}
2019-11-05 14:42:46.777512093,941.951649536052,553.308226277122,"{'W','W'}",0.0,0.0,{}
2019-11-05 14:42:46.784654950,940.864989236405,553.826815602214,{'W'},0.0,0.0,{}
2019-11-05 14:42:46.791797807,,,"{'W','W'}",0.0,0.0,{}
2019-11-05 14:42:46.798940664,940.314408760304,554.270239794376,"{'W','W'}",0.0,0.0,{}
2019-11-05 14:42:46.806083521,940.154396349434,554.503609931375,{'W'},0.0,0.0,{}
2019-11-05 14:42:46.813226378,,,"{'W','W'}",0.0,0.0,{}
2019-11-05 14:42:46.820369235,938.7930326630569,555.5049654572509,{'W'},0.0,0.0,{}
2019-11-05 14:42:46.827512092,938.56640787062,555.71518050035,"{'W','W'}",0.0,0.0,{}
2019-11-05 14:42:46.834654949,,,{'W'},0.0,0.0,{}
2019-11-05 14:42:46.841797806,938.543457114525,555.913909318635,"{'W','W'}",0.0,0.0,{}
2019-11-05 14:42:46.848940663,,,"{'W','W'}",0.0,0.0,{}
2019-11-05 14:42:46.856083520,938.953972505905,556.654992192278,"{'W','W'}",0.0,0.0,{}
2019-11-05 14:42:46.863226377,940.167231100095,556.885632903517,{'W'},0.0,0.0,{}
2019-11-05 14:42:46.870369234,,,"{'W','W'}",0.0,0.0,{}
2019-11-05 14:42:46.877512091,939.0332865670861,557.157243656711,{'W'},0.0,0.0,{}
2019-11-05 14:42:46.884654948,938.582737555525,557.868565897418,"{'W','W'}",0.0,0.0,{}
2019-11-05 14:42:46.891797805,,,"{'W','W'}",0.0,0.0,{}
2019-11-05 14:42:46.898940662,938.2045886225079,559.697214991131,"{'W','W'}",0.0,0.0,{}
2019-11-05 14:42:46.906083519,,,{'W'},0.0,0.0,{}
2019-11-05 14:42:46.913226376,937.891875844884,560.6775842850531,"{'W','W'}",0.0,0.0,{}
2019-11-05 14:42:46.920369233,937.7351350452041,560.858315241793,{'W'},0.0,0.0,{}
2019-11-05 14:42:46.927512090,,,"{'W','W'}",0.0,0.0,{}
2019-11-05 14:42:46.934654947,937.569715252968,560.5678991680919,"{'W','W'}",0.0,0.0,{}
2019-11-05 14:42:46.941797804,937.708775880229,561.616052963242,"{'W','W'}",0.0,0.0,{}
2019-11-05 14:42:46.948940661,,,{'W'},0.0,0.0,{}
2019-11-05 14:42:46.956083518,936.79216782074,566.335234024348,"{'W','W'}",0.0,0.0,{}
2019-11-05 14:42:46.963226375,936.19709391138,568.44380253677,{'W'},0.0,0.0,{}
2019-11-05 14:42:46.970369232,,,"{'W','W'}",0.0,0.0,{}
2019-11-05 14:42:46.977512089,935.414149792273,569.810214017949,"{'W','W'}",0.0,0.0,{}
2019-11-05 14:42:46.984654946,935.247605286276,569.731980953996,{'W'},0.0,0.0,{}
2019-11-05 14:42:46.991797803,,,"{'W','W'}",0.0,0.0,{}
2019-11-05 14:42:46.998940660,938.9238538611079,567.342441369032,"{'W','W'}",0.0,0.0,{}
2019-11-05 14:42:47.006083517,938.71070224276,567.1203652828331,"{'W','W'}",0.0,0.0,{}
2019-11-05 14:42:47.013226374,,,{'W'},0.0,0.0,{}
2019-11-05 14:42:47.020369231,938.5109226505381,567.133576718871,"{'W','W'}",0.0,0.0,{}
2019-11-05 14:42:47.027512088,936.592571741141,567.557013946138,"{'W','W'}",0.0,0.0,{}
2019-11-05 14:42:47.034654945,,,{'W'},0.0,0.0,{}
2019-11-05 14:42:47.041797802,936.551352446926,564.350261606722,"{'W','W'}",0.0,0.0,{}
2019-11-05 14:42:47.048940659,,,"{'W','W'}",0.0,0.0,{}
2019-11-05 14:42:47.056083516,935.844655112523,563.1322453626921,{'W'},0.0,0.0,{}
2019-11-05 14:42:47.063226373,933.1694398715599,559.880006629245,"{'W','W'}",0.0,0.0,{}
2019-11-05 14:42:47.070369230,,,"{'W','W'}",0.0,0.0,{}
2019-11-05 14:42:47.077512087,916.0197936456709,576.687884146111,{'W'},0.0,0.0,{}
2019-11-05 14:42:47.084654944,900.799019314416,592.786386364989,"{'W','W'}",0.0,0.0,{}
2019-11-05 14:42:47.091797801,,,"{'W','W'}",0.0,0.0,{}
2019-11-05 14:42:47.098940658,897.0585424616271,608.395802640092,{'W'},0.0,0.0,{}
2019-11-05 14:42:47.106083515,897.0154923361971,610.648393578666,"{'W','W'}",0.0,0.0,{}
2019-11-05 14:42:47.113226372,,,{'W'},0.0,0.0,{}
2019-11-05 14:42:47.120369229,895.1701538594169,614.274194346548,"{'W','W'}",0.0,0.0,{}
2019-11-05 14:42:47.127512086,893.427413449324,617.1314235613901,"{'W','W'}",0.0,0.0,{}
2019-11-05 14:42:47.134654943,,,{'W'},0.0,0.0,{}
2019-11-05 14:42:47.141797800,892.725322125035,619.908525410935,"{'W','W'}",0.0,0.0,{}
2019-11-05 14:42:47.148940657,,,"{'W','W'}",0.0,0.0,{}
2019-11-05 14:42:47.156083514,892.037869492242,623.513454532818,{'W'},0.0,0.0,{}
2019-11-05 14:42:47.163226371,892.482793355668,629.6033384332779,"{'W','W'}",0.0,0.0,{}
2019-11-05 14:42:47.170369228,,,"{'W','W'}",0.0,0.0,{}
2019-11-05 14:42:47.177512085,891.481968665432,630.474739319077,{'W'},0.0,0.0,{}
2019-11-05 14:42:47.184654942,891.009932456097,630.948938245721,"{'W','W'}",0.0,0.0,{}
2019-11-05 14:42:47.191797799,,,"{'W','W'}",0.0,0.0,{}
2019-11-05 14:42:47.198940656,891.157750638111,633.276317916088,{'W'},0.0,0.0,{}
2019-11-05 14:42:47.206083513,890.850436681898,633.205502032026,"{'W','W'}",0.0,0.0,{}
2019-11-05 14:42:47.213226370,,,{'W'},0.0,0.0,{}
2019-11-05 14:42:47.220369227,890.4882450400451,631.989798555451,"{'W','W'}",0.0,0.0,{}
2019-11-05 14:42:47.227512084,890.2361464753259,631.787316945598,"{'W','W'}",0.0,0.0,{}
2019-11-05 14:42:47.234654941,,,{'W'},0.0,0.0,{}
2019-11-05 14:42:47.241797798,890.913811957784,631.598930078113,"{'W','W'}",0.0,0.0,{}
2019-11-05 14:42:47.248940655,,,"{'W','W'}",0.0,0.0,{}
2019-11-05 14:42:47.256083512,891.2279820337139,631.761023060616,"{'W','W'}",0.0,0.0,{}
2019-11-05 14:42:47.263226369,891.5990559337489,631.649684765233,{'W'},0.0,0.0,{}
2019-11-05 14:42:47.270369226,,,"{'W','W'}",0.0,0.0,{}
2019-11-05 14:42:47.277512083,891.944263304553,631.395426737651,{'W'},0.0,0.0,{}
2019-11-05 14:42:47.284654940,893.633645924198,632.523473673322,"{'W','W'}",0.0,0.0,{}
2019-11-05 14:42:47.291797797,,,"{'W','W'}",0.0,0.0,{}
2019-11-05 14:42:47.298940654,893.4317493218301,631.552594268611,"{'W','W'}",0.0,0.0,{}
2019-11-05 14:42:47.306083511,892.916859097632,630.790347152427,{'W'},0.0,0.0,{}
2019-11-05 14:42:47.313226368,,,"{'W','W'}",0.0,0.0,{}
2019-11-05 14:42:47.320369225,885.263686647527,629.775182502916,"{'W','W'}",0.0,0.0,{}
2019-11-05 14:42:47.327512082,,,{'W'},0.0,0.0,{}
2019-11-05 14:42:47.334654939,884.7540164233681,628.951096215282,"{'W','W'}",0.0,0.0,{}
2019-11-05 14:42:47.341797796,884.680632489773,628.686728739431,"{'W','W'}",0.0,0.0,{}
2019-11-05 14:42:47.348940653,,,"{'W','W'}",0.0,0.0,{}
2019-11-05 14:42:47.356083510,887.4499076425699,630.407102738272,{'W'},0.0,0.0,{}
2019-11-05 14:42:47.363226367,886.4702148651829,633.633288925307,"{'W','W'}",0.0,0.0,{}
2019-11-05 14:42:47.370369224,,,"{'W','W'}",0.0,0.0,{}
2019-11-05 14:42:47.377512081,884.415577679751,634.762299997219,{'W'},0.0,0.0,{}
2019-11-05 14:42:47.384654938,885.472806647,634.6645396331639,"{'W','W'}",0.0,0.0,{}
2019-11-05 14:42:47.391797795,,,"{'W','W'}",0.0,0.0,{}
2019-11-05 14:42:47.398940652,886.414359025489,634.751673365969,"{'W','W'}",0.0,0.0,{}
2019-11-05 14:42:47.406083509,886.768299507773,635.729140247523,{'W'},0.0,0.0,{}
2019-11-05 14:42:47.413226366,,,"{'W','W'}",0.0,0.0,{}
2019-11-05 14:42:47.420369223,887.359137801331,636.082977488541,"{'W','W'}",0.0,0.0,{}
2019-11-05 14:42:47.427512080,888.790239479684,634.729197001239,"{'W','W'}",0.0,0.0,{}
2019-11-05 14:42:47.434654937,,,{'W'},0.0,0.0,{}
2019-11-05 14:42:47.441797794,894.267501895668,630.580332918793,"{'W','W'}",0.0,0.0,{}
2019-11-05 14:42:47.448940651,,,"{'W','W'}",0.0,0.0,{}
2019-11-05 14:42:47.456083508,918.679698996113,615.855637294118,"{'W','W'}",0.0,0.0,{}
2019-11-05 14:42:47.463226365,925.7428698679511,610.521684676464,{'W'},0.0,0.0,{}
2019-11-05 14:42:47.470369222,,,"{'W','W'}",0.0,0.0,{}
2019-11-05 14:42:47.477512079,930.5720156822839,607.694581520229,{'W'},0.0,0.0,{}
2019-11-05 14:42:47.484654936,949.8883090900459,595.452431708314,"{'W','W'}",0.0,0.0,{}
2019-11-05 14:42:47.491797793,,,"{'W','W'}",0.0,0.0,{}
2019-11-05 14:42:47.498940650,956.164025736718,590.57638253757,"{'W','W'}",0.0,0.0,{}
2019-11-05 14:42:47.506083507,960.179444928258,587.7785224302011,{'W'},0.0,0.0,{}
2019-11-05 14:42:47.513226364,,,"{'W','W'}",0.0,0.0,{}
2019-11-05 14:42:47.520369221,963.49083653887,585.6061075884639,{'W'},0.0,0.0,{}
2019-11-05 14:42:47.527512078,964.1600998753861,586.3840041019661,"{'W','W'}",0.0,0.0,{}
2019-11-05 14:42:47.534654935,,,"{'W','W'}",0.0,0.0,{}
2019-11-05 14:42:47.541797792,973.2689955625011,579.741969651482,"{'W','W'}",0.0,0.0,{}
2019-11-05 14:42:47.548940649,977.270835041421,576.818996459499,{'W'},0.0,0.0,{}
2019-11-05 14:42:47.556083506,,,"{'W','W'}",0.0,0.0,{}
2019-11-05 14:42:47.563226363,977.139533797802,577.153691201105,"{'W','W'}",0.0,0.0,{}
2019-11-05 14:42:47.570369220,,,"{'W','W'}",0.0,0.0,{}
2019-11-05 14:42:47.577512077,976.874116286426,577.155269591618,{'W'},0.0,0.0,{}
2019-11-05 14:42:47.584654934,973.9773704391199,578.574299446232,"{'W','W'}",0.0,0.0,{}
2019-11-05 14:42:47.591797791,,,{'W'},0.0,0.0,{}
2019-11-05 14:42:47.598940648,973.419752473358,579.063882328516,"{'W','W'}",0.5,0.0,{}
2019-11-05 14:42:47.606083505,973.3036181470579,579.370245969846,"{'W','W'}",0.5,0.0,{}
2019-11-05 14:42:47.613226362,,,{'W'},0.0,0.0,{}
2019-11-05 14:42:47.620369219,972.2690524172771,578.521747829875,"{'W','W'}",0.5,1.5,{}
2019-11-05 14:42:47.627512076,971.4136403673649,575.4460773200319,"{'W','W'}",0.0,0.0,{}
2019-11-05 14:42:47.634654933,,,{'W'},0.0,0.5,{}
2019-11-05 14:42:47.641797790,978.844031141385,568.847842482505,"{'W','W'}",-0.5,2.0,{}
2019-11-05 14:42:47.648940647,972.723767737509,571.2976722930281,"{'W','W'}",-0.5,0.0,{}
2019-11-05 14:42:47.656083504,,,{'W'},0.0,0.0,{}
2019-11-05 14:42:47.663226361,966.918951592467,576.019904360818,"{'W','W'}",0.0,0.0,{}
2019-11-05 14:42:47.670369218,,,"{'W','W'}",0.0,0.0,{}
2019-11-05 14:42:47.677512075,962.442872785961,576.9482004586911,{'W'},0.0,0.0,{}
2019-11-05 14:42:47.684654932,962.117461592274,575.882786433796,"{'W','W'}",0.0,0.0,{}
2019-11-05 14:42:47.691797789,,,{'W'},0.0,0.0,{}
2019-11-05 14:42:47.698940646,961.840616115309,575.6661638889531,"{'W','W'}",0.0,0.0,{}
2019-11-05 14:42:47.706083503,962.389104836741,574.309581448435,"{'W','W'}",0.0,0.0,{}
2019-11-05 14:42:47.713226360,,,{'W'},0.0,0.0,{}
2019-11-05 14:42:47.720369217,960.6022624199879,576.4909467595639,"{'W','W'}",0.0,0.0,{}
2019-11-05 14:42:47.727512074,959.889266250912,576.301364033201,"{'W','W'}",0.0,0.0,{}
2019-11-05 14:42:47.734654931,,,{'W'},0.0,0.0,{}
2019-11-05 14:42:47.741797788,958.256364524196,575.69145951992,"{'W','W'}",0.0,0.0,{}
2019-11-05 14:42:47.748940645,,,"{'W','W'}",0.0,0.0,{}
2019-11-05 14:42:47.756083502,958.632810271824,572.20152249104,"{'W','W'}",0.0,0.0,{}
2019-11-05 14:42:47.763226359,957.491811762558,572.891541112166,{'W'},0.0,0.0,{}
2019-11-05 14:42:47.770369216,,,"{'W','W'}",0.0,0.0,{}
2019-11-05 14:42:47.777512073,957.0291589857891,565.22142672671,{'W'},0.0,0.0,{}
2019-11-05 14:42:47.784654930,956.7173388157539,561.2143792444709,"{'W','W'}",0.0,0.0,{}
2019-11-05 14:42:47.791797787,,,{'W'},0.0,0.0,{}
2019-11-05 14:42:47.798940644,952.9915070947819,556.478578420021,"{'W','W'}",0.0,0.0,{}
2019-11-05 14:42:47.806083501,949.173242669435,555.0067685492289,"{'W','W'}",0.0,0.0,{}
2019-11-05 14:42:47.813226358,,,"{'W','W'}",0.0,0.0,{}
2019-11-05 14:42:47.820369215,948.7238819209109,554.667710550611,"{'W','W'}",0.0,0.0,{}
2019-11-05 14:42:47.827512072,948.387443045672,554.212978481904,"{'W','W'}",0.0,0.0,{}
2019-11-05 14:42:47.834654929,,,{'W'},0.0,0.0,{}
2019-11-05 14:42:47.841797786,948.234543054288,553.476774918373,"{'W','W'}",0.0,0.0,{}
2019-11-05 14:42:47.848940643,,,"{'W','W'}",0.0,0.0,{}
2019-11-05 14:42:47.856083500,948.148326788438,553.228321334652,{'W'},0.0,0.0,{}
2019-11-05 14:42:47.863226357,949.1605352636,554.4006480746231,"{'W','W'}",0.0,0.0,{}
2019-11-05 14:42:47.870369214,,,"{'W','W'}",0.0,0.0,{}
2019-11-05 14:42:47.877512071,951.0464346180679,553.599816638025,"{'W','W'}",0.0,0.0,{}
2019-11-05 14:42:47.884654928,951.382976537164,553.483097186967,{'W'},0.0,0.0,{}
2019-11-05 14:42:47.891797785,,,"{'W','W'}",0.0,0.0,{}
2019-11-05 14:42:47.898940642,951.2944403185311,553.938209637365,"{'W','W'}",0.0,0.0,{}
2019-11-05 14:42:47.906083499,950.8221891794501,554.228829019941,"{'W','W'}",0.0,0.0,{}
2019-11-05 14:42:47.913226356,,,{'W'},0.0,0.0,{}
2019-11-05 14:42:47.920369213,951.103809781571,554.453775846318,{'W'},0.0,0.0,{}
2019-11-05 14:42:47.927512070,951.112511922404,554.164959089798,"{'W','W'}",0.0,0.0,{}
2019-11-05 14:42:47.934654927,,,"{'W','W'}",0.0,0.0,{}
2019-11-05 14:42:47.941797784,951.517831252503,554.162722496521,"{'A','W'}",1.0,-0.5,{}
2019-11-05 14:42:47.948940641,951.101440327197,554.631156612266,"{'A','W','A','W'}",2.0,-0.5,{}
2019-11-05 14:42:47.956083498,,,"{'A','W','A','W'}",2.5,-0.5,{}
2019-11-05 14:42:47.963226355,950.5913087919031,555.404663608741,"{'A','W','A','W'}",3.0,0.0,{}
2019-11-05 14:42:47.970369212,,,"{'A','W'}",4.0,0.0,{}
2019-11-05 14:42:47.977512069,950.3697831094189,556.429614185795,"{'A','W','A','W'}",5.5,0.0,{}
2019-11-05 14:42:47.984654926,950.385192536068,556.578920124398,"{'A','W','A','W'}",4.0,0.5,{}
2019-11-05 14:42:47.991797783,,,"{'A','W'}",4.0,0.0,{}
2019-11-05 14:42:47.998940640,950.28873930044,556.811450811238,"{'A','W','A','W'}",4.0,0.5,{}
2019-11-05 14:42:48.006083497,950.374958126947,557.103605414045,"{'A','W'}",5.0,1.0,{}
2019-11-05 14:42:48.013226354,,,"{'A','W','A','W'}",4.0,0.0,{}
2019-11-05 14:42:48.020369211,950.369377274686,557.173806613393,"{'A','W','A','W'}",3.0,0.0,{}
2019-11-05 14:42:48.027512068,950.35784619172,556.9293607683529,"{'A','W'}",4.5,0.0,{}
2019-11-05 14:42:48.034654925,,,"{'A','W','A','W'}",3.5,0.0,{}
2019-11-05 14:42:48.041797782,944.3033438013831,560.885048708154,"{'A','W','A','W'}",5.0,0.0,{}
2019-11-05 14:42:48.048940639,942.369159051142,563.101133363472,"{'A','W'}",6.0,0.0,{}
2019-11-05 14:42:48.056083496,,,"{'A','W','A','W'}",6.0,1.0,{}
2019-11-05 14:42:48.063226353,941.495627566154,563.707171937548,"{'A','W','A','W'}",6.0,0.0,{}
2019-11-05 14:42:48.070369210,,,"{'A','W'}",4.0,1.0,{}
2019-11-05 14:42:48.077512067,937.276673324004,566.503430076395,"{'A','W','A','W'}",3.5,0.0,{}
2019-11-05 14:42:48.084654924,935.7118854271381,567.274925048432,"{'A','W'}",2.0,1.0,{}
2019-11-05 14:42:48.091797781,,,"{'A','W','A','W'}",2.0,0.0,{}
2019-11-05 14:42:48.098940638,934.5734316729261,566.9215920514521,"{'A','W'}",1.0,0.0,{}
2019-11-05 14:42:48.106083495,934.198532536609,566.860599071862,"{'A','W','A','W'}",0.5,0.5,{}
2019-11-05 14:42:48.113226352,,,"{'A','W','A','W'}",0.0,0.0,{}
2019-11-05 14:42:48.120369209,933.226003024766,565.302806510604,"{'A','W'}",0.0,0.0,{}
2019-11-05 14:42:48.127512066,934.134075489353,566.274927079039,"{'A','W','A','W'}",0.0,0.0,{}
2019-11-05 14:42:48.134654923,,,"{'A','W'}",0.0,0.0,{}
2019-11-05 14:42:48.141797780,933.769682329259,564.967870528866,"{'A','W','A','W'}",0.0,0.0,{}
2019-11-05 14:42:48.148940637,,,"{'A','W','A','W'}",0.0,0.0,{}
2019-11-05 14:42:48.156083494,933.3131288591451,564.791904354978,"{'A','W','A','W'}",0.0,0.0,{}
2019-11-05 14:42:48.163226351,932.965223276884,564.760286682347,"{'A','W'}",0.0,0.0,{}
2019-11-05 14:42:48.170369208,,,"{'A','W','A','W'}",0.0,0.0,{}
2019-11-05 14:42:48.177512065,934.434487672699,566.2908038626821,"{'A','W','A','W'}",0.0,0.0,{}
2019-11-05 14:42:48.184654922,935.614885752668,566.847042662449,"{'A','W'}",0.0,0.0,{}
2019-11-05 14:42:48.191797779,,,"{'A','W','A','W'}",0.0,0.0,{}
2019-11-05 14:42:48.198940636,931.1462548127521,567.428086664056,"{'A','W','A','W'}",0.0,0.0,{}
2019-11-05 14:42:48.206083493,932.7072812591949,567.320078652582,"{'A','W','A','W'}",0.0,0.0,{}
2019-11-05 14:42:48.213226350,,,"{'A','W'}",0.0,0.0,{}
2019-11-05 14:42:48.220369207,931.76120597086,565.404370705988,"{'A','W','A','W'}",0.0,0.0,{}
2019-11-05 14:42:48.227512064,932.931490493524,560.850479174337,"{'A','W','A','W'}",0.0,0.0,{}
2019-11-05 14:42:48.234654921,,,"{'A','W'}",0.0,0.0,{}
2019-11-05 14:42:48.241797778,931.6456575328309,557.837492515329,"{'A','W','A','W'}",0.0,0.0,{}
2019-11-05 14:42:48.248940635,929.810447687269,558.949699037404,"{'A','W','A','W'}",0.0,0.0,{}
2019-11-05 14:42:48.256083492,,,"{'A','W'}",0.0,0.0,{}
2019-11-05 14:42:48.263226349,928.224147050016,556.9164430098169,"{'A','W','A','W'}",0.5,0.0,{}
2019-11-05 14:42:48.270369206,,,"{'A','W','A','W'}",0.0,0.0,{}
2019-11-05 14:42:48.277512063,926.920571463807,557.244233990533,"{'A','W','W'}",0.5,0.0,{}
2019-11-05 14:42:48.284654920,937.640337701387,560.294686481976,{'W'},0.0,0.0,{}
2019-11-05 14:42:48.291797777,,,"{'W','W'}",0.0,0.0,{}
2019-11-05 14:42:48.298940634,945.92455368964,565.169866116643,"{'W','W'}",0.0,0.0,{}
2019-11-05 14:42:48.306083491,,,{'W'},0.0,0.0,{}
2019-11-05 14:42:48.313226348,,,"{'W','W'}",0.0,0.0,{}
2019-11-05 14:42:48.320369205,,,{'W'},0.0,0.0,{}
2019-11-05 14:42:48.327512062,,,{},0.0,0.0,{}
2019-11-05 14:42:48.334654919,,,{},0.0,0.0,{}
2019-11-05 14:42:48.341797776,,,{},0.5,0.0,{}
2019-11-05 14:42:48.348940633,,,{},0.0,0.0,{}
2019-11-05 14:42:48.356083490,,,{},0.5,0.0,{}
2019-11-05 14:42:48.363226347,,,{},0.0,0.0,{}
2019-11-05 14:42:48.370369204,,,{},1.0,0.0,{}
2019-11-05 14:42:48.377512061,1757.8983776626098,531.7999653900711,{},0.0,0.0,{}
2019-11-05 14:42:48.384654918,1729.1712060329,458.66008295544503,{},0.0,0.0,{}
2019-11-05 14:42:48.391797775,,,{},0.0,0.0,{}
2019-11-05 14:42:48.398940632,1767.4386078342102,515.271786887103,{},0.5,0.0,{}
2019-11-05 14:42:48.406083489,,,{},0.0,0.0,{}
2019-11-05 14:42:48.413226346,1620.9868980214,334.893086211353,{},0.0,0.0,{}
2019-11-05 14:42:48.420369203,1618.28929959106,332.30713696566,{},0.0,0.0,{}
2019-11-05 14:42:48.427512060,1622.5102518670901,335.44725170534696,{},0.0,0.0,{}
2019-11-05 14:42:48.434654917,,,{},0.0,0.0,{}
2019-11-05 14:42:48.441797774,1592.6418147649301,314.597983629709,{},0.0,0.0,{}
2019-11-05 14:42:48.448940631,1593.05917809111,315.286965097058,{},0.0,0.0,{}
2019-11-05 14:42:48.456083488,,,{},0.0,0.0,{}
2019-11-05 14:42:48.463226345,1583.50153771983,303.76269959664,{},0.0,0.0,{}
2019-11-05 14:42:48.470369202,,,{},0.0,0.0,{}
2019-11-05 14:42:48.477512059,1578.32345502023,295.188266191152,{},0.0,0.0,{}
2019-11-05 14:42:48.484654916,1572.70613743162,287.249782395409,{},0.0,0.0,{}
2019-11-05 14:42:48.491797773,,,{},0.0,0.0,{}
2019-11-05 14:42:48.498940630,1566.2048332274899,266.952874674482,{},0.0,0.0,{}
2019-11-05 14:42:48.506083487,1568.79652314365,260.87810100241404,{},0.0,0.0,{}
2019-11-05 14:42:48.513226344,,,{},0.0,0.0,{}
2019-11-05 14:42:48.520369201,1570.1615921276998,258.300785809902,{},0.0,0.0,{}
2019-11-05 14:42:48.527512058,1584.49106341174,245.20079975142002,{},0.0,0.0,{}
2019-11-05 14:42:48.534654915,,,{},0.0,0.0,{}
2019-11-05 14:42:48.541797772,1633.5450663665601,218.642930104763,{},0.0,0.0,{}
2019-11-05 14:42:48.548940629,1640.8476747520099,214.42652050767398,{},0.0,0.0,{}
2019-11-05 14:42:48.556083486,,,{},0.0,0.0,{}
2019-11-05 14:42:48.563226343,1660.04797533344,203.538091005882,{},0.0,0.0,{}
2019-11-05 14:42:48.570369200,,,{},0.0,0.0,{}
2019-11-05 14:42:48.577512057,1676.9352200945902,195.876052649007,{},0.0,0.0,{}
2019-11-05 14:42:48.584654914,1684.20813538559,192.303253774143,{},0.0,0.0,{}
2019-11-05 14:42:48.591797771,,,{},0.0,0.0,{}
2019-11-05 14:42:48.598940628,1709.3079779869101,179.413275582799,{},0.0,0.0,{}
2019-11-05 14:42:48.606083485,1735.41308140792,176.46668902299098,{},0.0,0.0,{}
2019-11-05 14:42:48.613226342,,,{},0.0,0.0,{}
2019-11-05 14:42:48.620369199,1738.0217551191101,176.031242826271,{},0.0,0.0,{}
2019-11-05 14:42:48.627512056,1740.37074287744,184.926421245141,{},0.0,0.0,{}
2019-11-05 14:42:48.634654913,,,{},0.0,0.0,{}
2019-11-05 14:42:48.641797770,1738.7982922823098,176.991842367501,{},0.0,0.0,{}
2019-11-05 14:42:48.648940627,1744.0388664353197,180.199136122715,{},0.0,0.0,{}
2019-11-05 14:42:48.656083484,,,{},0.0,0.0,{}
2019-11-05 14:42:48.663226341,1799.6159301552802,206.07417604321,{},0.0,0.0,{}
2019-11-05 14:42:48.670369198,,,{},0.0,0.0,{}
2019-11-05 14:42:48.677512055,1790.6141525444398,222.860697759488,{},0.0,0.0,{}
2019-11-05 14:42:48.684654912,1762.70837134686,337.88264257163104,{},0.0,0.0,{}
2019-11-05 14:42:48.691797769,,,{},0.0,0.0,{}
2019-11-05 14:42:48.698940626,,,{},0.0,0.0,{}
2019-11-05 14:42:48.706083483,,,{},0.0,0.0,{}
2019-11-05 14:42:48.713226340,,,{},0.0,0.0,{}
2019-11-05 14:42:48.720369197,,,{},0.0,0.0,{}
2019-11-05 14:42:48.727512054,1666.41973040266,409.98591127791497,{},0.0,0.0,{}
2019-11-05 14:42:48.734654911,,,{},0.0,0.0,{}
2019-11-05 14:42:48.741797768,1663.0706362659198,406.95408892925497,{},0.0,0.0,{}
2019-11-05 14:42:48.748940625,1650.3933264817301,410.50829155734596,{},0.0,0.0,{}
2019-11-05 14:42:48.756083482,,,{},0.0,0.0,{}
2019-11-05 14:42:48.763226339,1636.85072095671,401.332663378921,{},0.0,0.0,{}
2019-11-05 14:42:48.770369196,,,{},0.0,0.0,{}
2019-11-05 14:42:48.777512053,1551.7352405803601,369.319326578732,{},0.0,0.0,{}
2019-11-05 14:42:48.784654910,1538.7570611278,343.642439740794,{},0.0,0.0,{}
2019-11-05 14:42:48.791797767,,,{},0.0,0.0,{}
2019-11-05 14:42:48.798940624,1500.20669367181,262.09449626227797,{},0.0,0.0,{}
2019-11-05 14:42:48.806083481,1496.3874414170998,243.66440545987203,{},0.0,0.0,{}
2019-11-05 14:42:48.813226338,,,{},0.0,0.0,{}
2019-11-05 14:42:48.820369195,1495.95052279855,236.91601635587898,{},0.0,0.0,{}
